pokedex_number,name,combat_point,hp,ataque,defesa,stamina,type1,type2,against_bug,against_dark,against_dragon,against_electric,against_fairy,against_fighting,against_fire,against_flying,against_ghost,against_grass,against_ground,against_ice,against_normal,against_poison,against_psychic,against_rock,against_steel,against_water,against_eletric
1.0,Bulbasaur,1115,111,118,111,128,grass,poison,1.0,1.0,1.0,0.5,0.5,0.5,2.0,2.0,1.0,0.25,1.0,2.0,1.0,1.0,2.0,1.0,1.0,0.5,
2.0,Ivysaur,1699,132,151,143,155,grass,poison,1.0,1.0,1.0,0.5,0.5,0.5,2.0,2.0,1.0,0.25,1.0,2.0,1.0,1.0,2.0,1.0,1.0,0.5,
3.0,Venusaur,2720,160,198,189,190,grass,poison,1.0,1.0,1.0,0.5,0.5,0.5,2.0,2.0,1.0,0.25,1.0,2.0,1.0,1.0,2.0,1.0,1.0,0.5,
4.0,Charmander,980,103,116,93,118,fire,,0.5,1.0,1.0,1.0,0.5,1.0,0.5,1.0,1.0,0.5,2.0,0.5,1.0,1.0,1.0,2.0,0.5,2.0,
5.0,Charmeleon,1653,129,158,126,151,fire,,0.5,1.0,1.0,1.0,0.5,1.0,0.5,1.0,1.0,0.5,2.0,0.5,1.0,1.0,1.0,2.0,0.5,2.0,
6.0,Charizard,2889,157,223,173,186,fire,flying,0.25,1.0,1.0,2.0,0.5,0.5,0.5,1.0,1.0,0.25,0.0,1.0,1.0,1.0,1.0,4.0,0.5,2.0,
7.0,Squirtle,946,111,94,121,127,water,,1.0,1.0,1.0,2.0,1.0,1.0,0.5,1.0,1.0,2.0,1.0,0.5,1.0,1.0,1.0,1.0,0.5,0.5,
8.0,Wartortle,1488,131,126,155,153,water,,1.0,1.0,1.0,2.0,1.0,1.0,0.5,1.0,1.0,2.0,1.0,0.5,1.0,1.0,1.0,1.0,0.5,0.5,
9.0,Blastoise,2466,158,171,207,188,water,,1.0,1.0,1.0,2.0,1.0,1.0,0.5,1.0,1.0,2.0,1.0,0.5,1.0,1.0,1.0,1.0,0.5,0.5,
10.0,Caterpie,437,111,55,55,128,bug,,1.0,1.0,1.0,1.0,1.0,0.5,2.0,2.0,1.0,0.5,0.5,1.0,1.0,1.0,1.0,2.0,1.0,1.0,
11.0,Metapod,450,118,45,80,137,bug,,1.0,1.0,1.0,1.0,1.0,0.5,2.0,2.0,1.0,0.5,0.5,1.0,1.0,1.0,1.0,2.0,1.0,1.0,
12.0,Butterfree,1827,132,167,137,155,bug,flying,0.5,1.0,1.0,2.0,1.0,0.25,2.0,2.0,1.0,0.25,0.0,2.0,1.0,1.0,1.0,4.0,1.0,1.0,
13.0,Weedle,456,105,63,50,120,bug,poison,0.5,1.0,1.0,1.0,0.5,0.25,2.0,2.0,1.0,0.25,1.0,1.0,1.0,0.5,2.0,2.0,1.0,1.0,
14.0,Kakuna,432,111,46,75,128,bug,poison,0.5,1.0,1.0,1.0,0.5,0.25,2.0,2.0,1.0,0.25,1.0,1.0,1.0,0.5,2.0,2.0,1.0,1.0,
15.0,Beedrill,1846,139,169,130,163,bug,poison,0.5,1.0,1.0,1.0,0.5,0.25,2.0,2.0,1.0,0.25,1.0,1.0,1.0,0.5,2.0,2.0,1.0,1.0,
16.0,Pidgey,680,105,85,73,120,normal,flying,0.5,1.0,1.0,2.0,1.0,1.0,1.0,1.0,0.0,0.5,0.0,2.0,1.0,1.0,1.0,2.0,1.0,1.0,
17.0,Pidgeotto,1194,136,117,105,160,normal,flying,0.5,1.0,1.0,2.0,1.0,1.0,1.0,1.0,0.0,0.5,0.0,2.0,1.0,1.0,1.0,2.0,1.0,1.0,
18.0,Pidgeot,2129,164,166,154,195,normal,flying,0.5,1.0,1.0,2.0,1.0,1.0,1.0,1.0,0.0,0.5,0.0,2.0,1.0,1.0,1.0,2.0,1.0,1.0,
19.0,Rattata,734,91,103,70,102,normal,dark,1.0,1.0,1.0,1.0,1.0,2.0,1.0,1.0,0.0,1.0,1.0,1.0,1.0,1.0,1.0,1.0,1.0,1.0,
20.0,Raticate,1730,125,161,139,146,normal,dark,1.0,1.0,1.0,1.0,1.0,2.0,1.0,1.0,0.0,1.0,1.0,1.0,1.0,1.0,1.0,1.0,1.0,1.0,
21.0,Spearow,798,105,112,60,120,normal,flying,0.5,1.0,1.0,2.0,1.0,1.0,1.0,1.0,0.0,0.5,0.0,2.0,1.0,1.0,1.0,2.0,1.0,1.0,
22.0,Fearow,1997,139,182,133,163,normal,flying,0.5,1.0,1.0,2.0,1.0,1.0,1.0,1.0,0.0,0.5,0.0,2.0,1.0,1.0,1.0,2.0,1.0,1.0,
23.0,Ekans,927,98,110,97,111,poison,,0.5,1.0,1.0,1.0,0.5,0.5,1.0,1.0,1.0,0.5,2.0,1.0,1.0,0.5,2.0,1.0,1.0,1.0,
24.0,Arbok,1921,132,167,153,155,poison,,0.5,1.0,1.0,1.0,0.5,0.5,1.0,1.0,1.0,0.5,2.0,1.0,1.0,0.5,2.0,1.0,1.0,1.0,
25.0,Pikachu,938,98,112,96,111,electric,,1.0,1.0,1.0,0.5,1.0,1.0,1.0,0.5,1.0,1.0,2.0,1.0,1.0,1.0,1.0,1.0,0.5,1.0,
26.0,Raichu,2182,132,193,151,155,electric,electric,1.0,1.0,1.0,0.5,1.0,1.0,1.0,0.5,1.0,1.0,2.0,1.0,1.0,1.0,1.0,1.0,0.5,1.0,
27.0,Sandshrew,1261,118,126,120,137,ground,ice,1.0,1.0,1.0,0.0,1.0,1.0,1.0,1.0,1.0,2.0,1.0,2.0,1.0,0.5,1.0,0.5,1.0,2.0,
28.0,Sandslash,2374,153,182,175,181,ground,ice,1.0,1.0,1.0,0.0,1.0,1.0,1.0,1.0,1.0,2.0,1.0,2.0,1.0,0.5,1.0,0.5,1.0,2.0,
29.0,Nidoran♀,816,125,86,89,146,poison,,0.5,1.0,1.0,1.0,0.5,0.5,1.0,1.0,1.0,0.5,2.0,1.0,1.0,0.5,2.0,1.0,1.0,1.0,
30.0,Nidorina,1309,146,117,120,172,poison,,0.5,1.0,1.0,1.0,0.5,0.5,1.0,1.0,1.0,0.5,2.0,1.0,1.0,0.5,2.0,1.0,1.0,1.0,
31.0,Nidoqueen,2488,173,180,173,207,poison,ground,0.5,1.0,1.0,0.0,0.5,0.5,1.0,1.0,1.0,1.0,2.0,2.0,1.0,0.25,2.0,0.5,1.0,2.0,
32.0,Nidoran♂,860,113,105,76,130,poison,,0.5,1.0,1.0,1.0,0.5,0.5,1.0,1.0,1.0,0.5,2.0,1.0,1.0,0.5,2.0,1.0,1.0,1.0,
33.0,Nidorino,1393,133,137,111,156,poison,,0.5,1.0,1.0,1.0,0.5,0.5,1.0,1.0,1.0,0.5,2.0,1.0,1.0,0.5,2.0,1.0,1.0,1.0,
34.0,Nidoking,2567,161,204,156,191,poison,ground,0.5,1.0,1.0,0.0,0.5,0.5,1.0,1.0,1.0,1.0,2.0,2.0,1.0,0.25,2.0,0.5,1.0,2.0,
35.0,Clefairy,1155,146,107,108,172,fairy,,0.5,0.5,0.0,1.0,1.0,0.5,1.0,1.0,1.0,1.0,1.0,1.0,1.0,2.0,1.0,1.0,2.0,1.0,
36.0,Clefable,2437,180,178,162,216,fairy,,0.5,0.5,0.0,1.0,1.0,0.5,1.0,1.0,1.0,1.0,1.0,1.0,1.0,2.0,1.0,1.0,2.0,1.0,
37.0,Vulpix,883,102,96,109,116,fire,,0.5,1.0,1.0,1.0,0.5,1.0,0.5,1.0,1.0,0.5,2.0,0.5,1.0,1.0,1.0,2.0,0.5,2.0,
37.1,Vulpix_alola,883,102,96,109,116,ice,,1.0,1.0,1.0,1.0,1.0,2.0,2.0,1.0,1.0,1.0,1.0,0.5,1.0,1.0,1.0,2.0,2.0,1.0,
38.0,Ninetales,2279,150,169,190,177,fire,,0.5,1.0,1.0,1.0,0.5,1.0,0.5,1.0,1.0,0.5,2.0,0.5,1.0,1.0,1.0,2.0,0.5,2.0,
38.1,Ninetales_alola,2309,151,170,193,177,fairy,ice,0.5,0.5,0.25,1.0,1.0,1.0,2.0,1.0,1.0,1.0,1.0,0.5,1.0,2.0,1.0,2.0,4.0,1.0,
39.0,Jigglypuff,724,207,80,41,251,normal,fairy,0.5,0.5,0.0,1.0,1.0,1.0,1.0,1.0,0.0,1.0,1.0,1.0,1.0,2.0,1.0,1.0,2.0,1.0,
40.0,Wigglytuff,1926,242,156,90,295,normal,fairy,0.5,0.5,0.0,1.0,1.0,1.0,1.0,1.0,0.0,1.0,1.0,1.0,1.0,2.0,1.0,1.0,2.0,1.0,
41.0,Zubat,667,105,83,73,120,poison,flying,0.25,1.0,1.0,2.0,0.5,0.25,1.0,1.0,1.0,0.25,0.0,2.0,1.0,0.5,2.0,2.0,1.0,1.0,
42.0,Golbat,1976,153,161,150,181,poison,flying,0.25,1.0,1.0,2.0,0.5,0.25,1.0,1.0,1.0,0.25,0.0,2.0,1.0,0.5,2.0,2.0,1.0,1.0,
43.0,Oddish,1228,111,131,112,128,grass,poison,1.0,1.0,1.0,0.5,0.5,0.5,2.0,2.0,1.0,0.25,1.0,2.0,1.0,1.0,2.0,1.0,1.0,0.5,
44.0,Gloom,1681,132,153,136,155,grass,poison,1.0,1.0,1.0,0.5,0.5,0.5,2.0,2.0,1.0,0.25,1.0,2.0,1.0,1.0,2.0,1.0,1.0,0.5,
45.0,Vileplume,2559,153,202,167,181,grass,poison,1.0,1.0,1.0,0.5,0.5,0.5,2.0,2.0,1.0,0.25,1.0,2.0,1.0,1.0,2.0,1.0,1.0,0.5,
46.0,Paras,1018,98,121,99,111,bug,grass,2.0,1.0,1.0,0.5,1.0,0.5,4.0,4.0,1.0,0.25,0.25,2.0,1.0,2.0,1.0,2.0,1.0,0.5,
47.0,Parasect,1859,132,165,146,155,bug,grass,2.0,1.0,1.0,0.5,1.0,0.5,4.0,4.0,1.0,0.25,0.25,2.0,1.0,2.0,1.0,2.0,1.0,0.5,
48.0,Venonat,1004,132,100,100,155,bug,poison,0.5,1.0,1.0,1.0,0.5,0.25,2.0,2.0,1.0,0.25,1.0,1.0,1.0,0.5,2.0,2.0,1.0,1.0,
49.0,Venomoth,2082,146,179,143,172,bug,poison,0.5,1.0,1.0,1.0,0.5,0.25,2.0,2.0,1.0,0.25,1.0,1.0,1.0,0.5,2.0,2.0,1.0,1.0,
50.0,Diglett,676,64,109,78,67,ground,ground,1.0,1.0,1.0,0.0,1.0,1.0,1.0,1.0,1.0,2.0,1.0,2.0,1.0,0.5,1.0,0.5,1.0,2.0,
51.0,Dugtrio,1557,98,167,134,111,ground,ground,1.0,1.0,1.0,0.0,1.0,1.0,1.0,1.0,1.0,2.0,1.0,2.0,1.0,0.5,1.0,0.5,1.0,2.0,
52.0,Meowth,748,105,92,78,120,normal,dark,1.0,1.0,1.0,1.0,1.0,2.0,1.0,1.0,0.0,1.0,1.0,1.0,1.0,1.0,1.0,1.0,1.0,1.0,
53.0,Persian,1689,139,150,136,163,normal,dark,1.0,1.0,1.0,1.0,1.0,2.0,1.0,1.0,0.0,1.0,1.0,1.0,1.0,1.0,1.0,1.0,1.0,1.0,
54.0,Psyduck,1106,118,122,95,137,water,,1.0,1.0,1.0,2.0,1.0,1.0,0.5,1.0,1.0,2.0,1.0,0.5,1.0,1.0,1.0,1.0,0.5,0.5,
55.0,Golduck,2450,160,191,162,190,water,,1.0,1.0,1.0,2.0,1.0,1.0,0.5,1.0,1.0,2.0,1.0,0.5,1.0,1.0,1.0,1.0,0.5,0.5,
56.0,Mankey,1164,105,148,82,120,fighting,,0.5,0.5,1.0,1.0,2.0,1.0,1.0,2.0,1.0,1.0,1.0,1.0,1.0,1.0,2.0,0.5,1.0,1.0,
57.0,Primeape,2288,139,207,138,163,fighting,,0.5,0.5,1.0,1.0,2.0,1.0,1.0,2.0,1.0,1.0,1.0,1.0,1.0,1.0,2.0,0.5,1.0,1.0,
58.0,Growlithe,1243,125,136,93,146,fire,,0.5,1.0,1.0,1.0,0.5,1.0,0.5,1.0,1.0,0.5,2.0,0.5,1.0,1.0,1.0,2.0,0.5,2.0,
59.0,Arcanine,3029,173,227,166,207,fire,,0.5,1.0,1.0,1.0,0.5,1.0,0.5,1.0,1.0,0.5,2.0,0.5,1.0,1.0,1.0,2.0,0.5,2.0,
60.0,Poliwag,829,105,101,82,120,water,,1.0,1.0,1.0,2.0,1.0,1.0,0.5,1.0,1.0,2.0,1.0,0.5,1.0,1.0,1.0,1.0,0.5,0.5,
61.0,Poliwhirl,1419,139,130,123,163,water,,1.0,1.0,1.0,2.0,1.0,1.0,0.5,1.0,1.0,2.0,1.0,0.5,1.0,1.0,1.0,1.0,0.5,0.5,
62.0,Poliwrath,2586,173,182,184,207,water,fighting,0.5,0.5,1.0,2.0,2.0,1.0,0.5,2.0,1.0,2.0,1.0,0.5,1.0,1.0,2.0,0.5,0.5,0.5,
63.0,Abra,1342,84,195,82,93,psychic,,2.0,2.0,1.0,1.0,1.0,0.5,1.0,1.0,2.0,1.0,1.0,1.0,1.0,1.0,0.5,1.0,1.0,1.0,
64.0,Kadabra,2059,105,232,117,120,psychic,,2.0,2.0,1.0,1.0,1.0,0.5,1.0,1.0,2.0,1.0,1.0,1.0,1.0,1.0,0.5,1.0,1.0,1.0,
65.0,Alakazam,3057,125,271,167,146,psychic,,2.0,2.0,1.0,1.0,1.0,0.5,1.0,1.0,2.0,1.0,1.0,1.0,1.0,1.0,0.5,1.0,1.0,1.0,
66.0,Machop,1278,146,137,82,172,fighting,,0.5,0.5,1.0,1.0,2.0,1.0,1.0,2.0,1.0,1.0,1.0,1.0,1.0,1.0,2.0,0.5,1.0,1.0,
67.0,Machoke,2031,160,177,125,190,fighting,,0.5,0.5,1.0,1.0,2.0,1.0,1.0,2.0,1.0,1.0,1.0,1.0,1.0,1.0,2.0,0.5,1.0,1.0,
68.0,Machamp,3056,173,234,159,207,fighting,,0.5,0.5,1.0,1.0,2.0,1.0,1.0,2.0,1.0,1.0,1.0,1.0,1.0,1.0,2.0,0.5,1.0,1.0,
69.0,Bellsprout,1033,118,139,61,137,grass,poison,1.0,1.0,1.0,0.5,0.5,0.5,2.0,2.0,1.0,0.25,1.0,2.0,1.0,1.0,2.0,1.0,1.0,0.5,
70.0,Weepinbell,1611,139,172,92,163,grass,poison,1.0,1.0,1.0,0.5,0.5,0.5,2.0,2.0,1.0,0.25,1.0,2.0,1.0,1.0,2.0,1.0,1.0,0.5,
71.0,Victreebel,2431,160,207,135,190,grass,poison,1.0,1.0,1.0,0.5,0.5,0.5,2.0,2.0,1.0,0.25,1.0,2.0,1.0,1.0,2.0,1.0,1.0,0.5,
72.0,Tentacool,1040,105,97,149,120,water,poison,0.5,1.0,1.0,2.0,0.5,0.5,0.5,1.0,1.0,1.0,2.0,0.5,1.0,0.5,2.0,1.0,0.5,0.5,
73.0,Tentacruel,2422,160,166,209,190,water,poison,0.5,1.0,1.0,2.0,0.5,0.5,0.5,1.0,1.0,1.0,2.0,0.5,1.0,0.5,2.0,1.0,0.5,0.5,
74.0,Geodude,1293,105,132,132,120,rock,ground,1.0,1.0,1.0,0.0,1.0,2.0,0.5,0.5,1.0,4.0,2.0,2.0,0.5,0.25,1.0,0.5,2.0,4.0,
75.0,Graveler,1897,125,164,164,146,rock,ground,1.0,1.0,1.0,0.0,1.0,2.0,0.5,0.5,1.0,4.0,2.0,2.0,0.5,0.25,1.0,0.5,2.0,4.0,
76.0,Golem,2949,160,211,198,190,rock,ground,1.0,1.0,1.0,0.0,1.0,2.0,0.5,0.5,1.0,4.0,2.0,2.0,0.5,0.25,1.0,0.5,2.0,4.0,
77.0,Ponyta,1697,118,170,127,137,fire,,0.5,1.0,1.0,1.0,0.5,1.0,0.5,1.0,1.0,0.5,2.0,0.5,1.0,1.0,1.0,2.0,0.5,2.0,
78.0,Rapidash,2461,139,207,162,163,fire,,0.5,1.0,1.0,1.0,0.5,1.0,0.5,1.0,1.0,0.5,2.0,0.5,1.0,1.0,1.0,2.0,0.5,2.0,
79.0,Slowpoke,1226,173,109,98,207,water,psychic,2.0,2.0,1.0,2.0,1.0,0.5,0.5,1.0,2.0,2.0,1.0,0.5,1.0,1.0,0.5,1.0,0.5,0.5,
80.0,Slowbro,2545,180,177,180,216,water,psychic,2.0,2.0,1.0,2.0,1.0,0.5,0.5,1.0,2.0,2.0,1.0,0.5,1.0,1.0,0.5,1.0,0.5,0.5,
81.0,Magnemite,1362,84,165,121,93,electric,steel,0.5,1.0,0.5,0.5,0.5,2.0,2.0,0.25,1.0,0.5,4.0,0.5,0.5,0.0,0.5,0.5,0.25,1.0,
82.0,Magneton,2485,118,223,169,137,electric,steel,0.5,1.0,0.5,0.5,0.5,2.0,2.0,0.25,1.0,0.5,4.0,0.5,0.5,0.0,0.5,0.5,0.25,1.0,
83.0,Farfetch'd,1236,121,124,115,141,normal,flying,0.5,1.0,1.0,2.0,1.0,1.0,1.0,1.0,0.0,0.5,0.0,2.0,1.0,1.0,1.0,2.0,1.0,1.0,
84.0,Doduo,1200,98,158,83,111,normal,flying,0.5,1.0,1.0,2.0,1.0,1.0,1.0,1.0,0.0,0.5,0.0,2.0,1.0,1.0,1.0,2.0,1.0,1.0,
85.0,Dodrio,2362,132,218,140,155,normal,flying,0.5,1.0,1.0,2.0,1.0,1.0,1.0,1.0,0.0,0.5,0.0,2.0,1.0,1.0,1.0,2.0,1.0,1.0,
86.0,Seel,971,139,85,121,163,water,,1.0,1.0,1.0,2.0,1.0,1.0,0.5,1.0,1.0,2.0,1.0,0.5,1.0,1.0,1.0,1.0,0.5,0.5,
87.0,Dewgong,1985,173,139,177,207,water,ice,1.0,1.0,1.0,2.0,1.0,2.0,1.0,1.0,1.0,2.0,1.0,0.25,1.0,1.0,1.0,2.0,1.0,0.5,
88.0,Grimer,1374,160,135,90,190,poison,poison,0.5,1.0,1.0,1.0,0.5,0.5,1.0,1.0,1.0,0.5,2.0,1.0,1.0,0.5,2.0,1.0,1.0,1.0,
89.0,Muk,2757,193,190,172,233,poison,poison,0.5,1.0,1.0,1.0,0.5,0.5,1.0,1.0,1.0,0.5,2.0,1.0,1.0,0.5,2.0,1.0,1.0,1.0,
90.0,Shellder,1080,91,116,134,102,water,,1.0,1.0,1.0,2.0,1.0,1.0,0.5,1.0,1.0,2.0,1.0,0.5,1.0,1.0,1.0,1.0,0.5,0.5,
91.0,Cloyster,2547,118,186,256,137,water,ice,1.0,1.0,1.0,2.0,1.0,2.0,1.0,1.0,1.0,2.0,1.0,0.25,1.0,1.0,1.0,2.0,1.0,0.5,
92.0,Gastly,1229,91,186,67,102,ghost,poison,0.25,2.0,1.0,1.0,0.5,0.0,1.0,1.0,2.0,0.5,2.0,1.0,0.0,0.25,2.0,1.0,1.0,1.0,
93.0,Haunter,1963,111,223,107,128,ghost,poison,0.25,2.0,1.0,1.0,0.5,0.0,1.0,1.0,2.0,0.5,2.0,1.0,0.0,0.25,2.0,1.0,1.0,1.0,
94.0,Gengar,2878,132,261,149,155,ghost,poison,0.25,2.0,1.0,1.0,0.5,0.0,1.0,1.0,2.0,0.5,2.0,1.0,0.0,0.25,2.0,1.0,1.0,1.0,
95.0,Onix,1101,98,85,232,111,rock,ground,1.0,1.0,1.0,0.0,1.0,2.0,0.5,0.5,1.0,4.0,2.0,2.0,0.5,0.25,1.0,0.5,2.0,4.0,
96.0,Drowzee,1040,132,89,136,155,psychic,,2.0,2.0,1.0,1.0,1.0,0.5,1.0,1.0,2.0,1.0,1.0,1.0,1.0,1.0,0.5,1.0,1.0,1.0,
97.0,Hypno,2090,166,144,193,198,psychic,,2.0,2.0,1.0,1.0,1.0,0.5,1.0,1.0,2.0,1.0,1.0,1.0,1.0,1.0,0.5,1.0,1.0,1.0,
98.0,Krabby,1561,91,181,124,102,water,,1.0,1.0,1.0,2.0,1.0,1.0,0.5,1.0,1.0,2.0,1.0,0.5,1.0,1.0,1.0,1.0,0.5,0.5,
99.0,Kingler,2829,125,240,181,146,water,,1.0,1.0,1.0,2.0,1.0,1.0,0.5,1.0,1.0,2.0,1.0,0.5,1.0,1.0,1.0,1.0,0.5,0.5,
100.0,Voltorb,1010,105,109,111,120,electric,,1.0,1.0,1.0,0.5,1.0,1.0,1.0,0.5,1.0,1.0,2.0,1.0,1.0,1.0,1.0,1.0,0.5,1.0,
101.0,Electrode,2099,132,173,173,155,electric,,1.0,1.0,1.0,0.5,1.0,1.0,1.0,0.5,1.0,1.0,2.0,1.0,1.0,1.0,1.0,1.0,0.5,1.0,
102.0,Exeggcute,1175,132,107,125,155,grass,psychic,4.0,2.0,1.0,0.5,1.0,0.5,2.0,2.0,2.0,0.5,0.5,2.0,1.0,2.0,0.5,1.0,1.0,0.5,
103.0,Exeggutor,3014,180,233,149,216,grass,psychic,4.0,2.0,1.0,0.5,1.0,0.5,2.0,2.0,2.0,0.5,0.5,2.0,1.0,2.0,0.5,1.0,1.0,0.5,
103.1,Exeggutor_alola,3014,182,230,153,216,grass,dragon,2.0,1.0,2.0,1.0,2.0,1.0,1.0,2.0,1.0,0.25,0.5,4.0,1.0,2.0,1.0,1.0,1.0,0.25,0.25
104.0,Cubone,1019,118,90,144,137,ground,,1.0,1.0,1.0,0.0,1.0,1.0,1.0,1.0,1.0,2.0,1.0,2.0,1.0,0.5,1.0,0.5,1.0,2.0,
105.0,Marowak,1835,132,144,186,155,ground,,1.0,1.0,1.0,0.0,1.0,1.0,1.0,1.0,1.0,2.0,1.0,2.0,1.0,0.5,1.0,0.5,1.0,2.0,
105.1,Marowak_alola,1835,134,144,186,155,fire,ghost,0.25,2.0,1.0,1.0,0.5,0.25,0.5,1.0,2.0,0.5,2.0,0.5,0.0,0.5,1.0,2.0,0.5,2.0,
106.0,Hitmonlee,2576,118,224,181,137,fighting,,0.5,0.5,1.0,1.0,2.0,1.0,1.0,2.0,1.0,1.0,1.0,1.0,1.0,1.0,2.0,0.5,1.0,1.0,
107.0,Hitmonchan,2332,118,193,197,137,fighting,,0.5,0.5,1.0,1.0,2.0,1.0,1.0,2.0,1.0,1.0,1.0,1.0,1.0,1.0,2.0,0.5,1.0,1.0,
108.0,Lickitung,1411,173,108,137,207,normal,,1.0,1.0,1.0,1.0,1.0,2.0,1.0,1.0,0.0,1.0,1.0,1.0,1.0,1.0,1.0,1.0,1.0,1.0,
109.0,Koffing,1214,105,119,141,120,poison,,0.5,1.0,1.0,1.0,0.5,0.5,1.0,1.0,1.0,0.5,2.0,1.0,1.0,0.5,2.0,1.0,1.0,1.0,
110.0,Weezing,2293,139,174,197,163,poison,,0.5,1.0,1.0,1.0,0.5,0.5,1.0,1.0,1.0,0.5,2.0,1.0,1.0,0.5,2.0,1.0,1.0,1.0,
110.1,Weezing_galar,2293,140,174,197,163,poison,fairy,0.5,0.5,0.25,1.0,0.5,0.5,1.0,1.0,1.0,0.5,2.0,1.0,1.0,1.0,2.0,1.0,2.0,1.0,
111.0,Rhyhorn,1651,160,140,127,190,ground,rock,1.0,1.0,1.0,0.0,1.0,2.0,0.5,0.5,1.0,4.0,2.0,2.0,0.5,0.25,1.0,0.5,2.0,4.0,
112.0,Rhydon,3179,193,222,171,233,ground,rock,1.0,1.0,1.0,0.0,1.0,2.0,0.5,0.5,1.0,4.0,2.0,2.0,0.5,0.25,1.0,0.5,2.0,4.0,
113.0,Chansey,1255,392,60,128,487,normal,,1.0,1.0,1.0,1.0,1.0,2.0,1.0,1.0,0.0,1.0,1.0,1.0,1.0,1.0,1.0,1.0,1.0,1.0,
114.0,Tangela,2238,139,183,169,163,grass,,2.0,1.0,1.0,0.5,1.0,1.0,2.0,2.0,1.0,0.5,0.5,2.0,1.0,2.0,1.0,1.0,1.0,0.5,
115.0,Kangaskhan,2586,193,181,165,233,normal,,1.0,1.0,1.0,1.0,1.0,2.0,1.0,1.0,0.0,1.0,1.0,1.0,1.0,1.0,1.0,1.0,1.0,1.0,
116.0,Horsea,1056,91,129,103,102,water,,1.0,1.0,1.0,2.0,1.0,1.0,0.5,1.0,1.0,2.0,1.0,0.5,1.0,1.0,1.0,1.0,0.5,0.5,
117.0,Seadra,2093,125,187,156,146,water,,1.0,1.0,1.0,2.0,1.0,1.0,0.5,1.0,1.0,2.0,1.0,0.5,1.0,1.0,1.0,1.0,0.5,0.5,
118.0,Goldeen,1152,111,123,110,128,water,,1.0,1.0,1.0,2.0,1.0,1.0,0.5,1.0,1.0,2.0,1.0,0.5,1.0,1.0,1.0,1.0,0.5,0.5,
119.0,Seaking,2162,160,175,147,190,water,,1.0,1.0,1.0,2.0,1.0,1.0,0.5,1.0,1.0,2.0,1.0,0.5,1.0,1.0,1.0,1.0,0.5,0.5,
120.0,Staryu,1157,91,137,112,102,water,,1.0,1.0,1.0,2.0,1.0,1.0,0.5,1.0,1.0,2.0,1.0,0.5,1.0,1.0,1.0,1.0,0.5,0.5,
121.0,Starmie,2584,132,210,184,155,water,psychic,2.0,2.0,1.0,2.0,1.0,0.5,0.5,1.0,2.0,2.0,1.0,0.5,1.0,1.0,0.5,1.0,0.5,0.5,
122.0,Mr. Mime,2228,105,192,205,120,psychic,fairy,1.0,1.0,0.0,1.0,1.0,0.25,1.0,1.0,2.0,1.0,1.0,1.0,1.0,2.0,0.5,1.0,2.0,1.0,
123.0,Scyther,2706,146,218,170,172,bug,flying,0.5,1.0,1.0,2.0,1.0,0.25,2.0,2.0,1.0,0.25,0.0,2.0,1.0,1.0,1.0,4.0,1.0,1.0,
124.0,Jynx,2555,139,223,151,163,ice,psychic,2.0,2.0,1.0,1.0,1.0,1.0,2.0,1.0,2.0,1.0,1.0,0.5,1.0,1.0,0.5,2.0,2.0,1.0,
125.0,Electabuzz,2334,139,198,158,163,electric,,1.0,1.0,1.0,0.5,1.0,1.0,1.0,0.5,1.0,1.0,2.0,1.0,1.0,1.0,1.0,1.0,0.5,1.0,
126.0,Magmar,2394,139,206,154,163,fire,,0.5,1.0,1.0,1.0,0.5,1.0,0.5,1.0,1.0,0.5,2.0,0.5,1.0,1.0,1.0,2.0,0.5,2.0,
127.0,Pinsir,2959,139,238,182,163,bug,,1.0,1.0,1.0,1.0,1.0,0.5,2.0,2.0,1.0,0.5,0.5,1.0,1.0,1.0,1.0,2.0,1.0,1.0,
128.0,Tauros,2620,153,198,183,181,normal,,1.0,1.0,1.0,1.0,1.0,2.0,1.0,1.0,0.0,1.0,1.0,1.0,1.0,1.0,1.0,1.0,1.0,1.0,
129.0,Magikarp,274,78,29,85,85,water,,1.0,1.0,1.0,2.0,1.0,1.0,0.5,1.0,1.0,2.0,1.0,0.5,1.0,1.0,1.0,1.0,0.5,0.5,
130.0,Gyarados,3391,180,237,186,216,water,flying,0.5,1.0,1.0,4.0,1.0,0.5,0.5,1.0,1.0,1.0,0.0,1.0,1.0,1.0,1.0,2.0,0.5,0.5,
131.0,Lapras,2641,228,165,174,277,water,ice,1.0,1.0,1.0,2.0,1.0,2.0,1.0,1.0,1.0,2.0,1.0,0.25,1.0,1.0,1.0,2.0,1.0,0.5,
132.0,Ditto,832,116,91,91,134,normal,,1.0,1.0,1.0,1.0,1.0,2.0,1.0,1.0,0.0,1.0,1.0,1.0,1.0,1.0,1.0,1.0,1.0,1.0,
133.0,Eevee,1071,125,104,114,146,normal,,1.0,1.0,1.0,1.0,1.0,2.0,1.0,1.0,0.0,1.0,1.0,1.0,1.0,1.0,1.0,1.0,1.0,1.0,
134.0,Vaporeon,3114,228,205,161,277,water,,1.0,1.0,1.0,2.0,1.0,1.0,0.5,1.0,1.0,2.0,1.0,0.5,1.0,1.0,1.0,1.0,0.5,0.5,
135.0,Jolteon,2888,139,232,182,163,electric,,1.0,1.0,1.0,0.5,1.0,1.0,1.0,0.5,1.0,1.0,2.0,1.0,1.0,1.0,1.0,1.0,0.5,1.0,
136.0,Flareon,3029,139,246,179,163,fire,,0.5,1.0,1.0,1.0,0.5,1.0,0.5,1.0,1.0,0.5,2.0,0.5,1.0,1.0,1.0,2.0,0.5,2.0,
137.0,Porygon,1720,139,153,136,163,normal,,1.0,1.0,1.0,1.0,1.0,2.0,1.0,1.0,0.0,1.0,1.0,1.0,1.0,1.0,1.0,1.0,1.0,1.0,
138.0,Omanyte,1544,98,155,153,111,rock,water,1.0,1.0,1.0,2.0,1.0,2.0,0.25,0.5,1.0,4.0,2.0,0.5,0.5,0.5,1.0,1.0,1.0,1.0,
139.0,Omastar,2786,146,207,201,172,rock,water,1.0,1.0,1.0,2.0,1.0,2.0,0.25,0.5,1.0,4.0,2.0,0.5,0.5,0.5,1.0,1.0,1.0,1.0,
140.0,Kabuto,1370,91,148,140,102,rock,water,1.0,1.0,1.0,2.0,1.0,2.0,0.25,0.5,1.0,4.0,2.0,0.5,0.5,0.5,1.0,1.0,1.0,1.0,
141.0,Kabutops,2713,132,220,186,155,rock,water,1.0,1.0,1.0,2.0,1.0,2.0,0.25,0.5,1.0,4.0,2.0,0.5,0.5,0.5,1.0,1.0,1.0,1.0,
142.0,Aerodactyl,2783,160,221,159,190,rock,flying,0.5,1.0,1.0,2.0,1.0,1.0,0.5,0.5,1.0,1.0,0.0,2.0,0.5,0.5,1.0,2.0,2.0,2.0,
143.0,Snorlax,3225,269,190,169,330,normal,,1.0,1.0,1.0,1.0,1.0,2.0,1.0,1.0,0.0,1.0,1.0,1.0,1.0,1.0,1.0,1.0,1.0,1.0,
144.0,Articuno,3051,173,192,236,207,ice,flying,0.5,1.0,1.0,2.0,1.0,1.0,2.0,1.0,1.0,0.5,0.0,1.0,1.0,1.0,1.0,4.0,2.0,1.0,
145.0,Zapdos,3527,173,253,185,207,electric,flying,0.5,1.0,1.0,1.0,1.0,0.5,1.0,0.5,1.0,0.5,0.0,2.0,1.0,1.0,1.0,2.0,0.5,1.0,
146.0,Moltres,3465,173,251,181,207,fire,flying,0.25,1.0,1.0,2.0,0.5,0.5,0.5,1.0,1.0,0.25,0.0,1.0,1.0,1.0,1.0,4.0,0.5,2.0,
147.0,Dratini,1004,106,119,91,121,dragon,,1.0,1.0,2.0,0.5,2.0,1.0,0.5,1.0,1.0,0.5,1.0,2.0,1.0,1.0,1.0,1.0,1.0,0.5,
148.0,Dragonair,1780,133,163,135,156,dragon,,1.0,1.0,2.0,0.5,2.0,1.0,0.5,1.0,1.0,0.5,1.0,2.0,1.0,1.0,1.0,1.0,1.0,0.5,
149.0,Dragonite,3792,175,263,198,209,dragon,flying,0.5,1.0,2.0,1.0,2.0,0.5,0.5,1.0,1.0,0.25,0.0,4.0,1.0,1.0,1.0,2.0,1.0,0.5,
150.0,Mewtwo,4178,179,300,182,214,psychic,,2.0,2.0,1.0,1.0,1.0,0.5,1.0,1.0,2.0,1.0,1.0,1.0,1.0,1.0,0.5,1.0,1.0,1.0,
151.0,Mew,3265,187,210,210,225,psychic,,2.0,2.0,1.0,1.0,1.0,0.5,1.0,1.0,2.0,1.0,1.0,1.0,1.0,1.0,0.5,1.0,1.0,1.0,
152.0,Chikorita,935,111,92,122,128,grass,,2.0,1.0,1.0,0.5,1.0,1.0,2.0,2.0,1.0,0.5,0.5,2.0,1.0,2.0,1.0,1.0,1.0,0.5,
153.0,Bayleef,1454,132,122,155,155,grass,,2.0,1.0,1.0,0.5,1.0,1.0,2.0,2.0,1.0,0.5,0.5,2.0,1.0,2.0,1.0,1.0,1.0,0.5,
154.0,Meganium,2410,160,168,202,190,grass,,2.0,1.0,1.0,0.5,1.0,1.0,2.0,2.0,1.0,0.5,0.5,2.0,1.0,2.0,1.0,1.0,1.0,0.5,
155.0,Cyndaquil,980,103,116,93,118,fire,,0.5,1.0,1.0,1.0,0.5,1.0,0.5,1.0,1.0,0.5,2.0,0.5,1.0,1.0,1.0,2.0,0.5,2.0,
156.0,Quilava,1653,129,158,126,151,fire,,0.5,1.0,1.0,1.0,0.5,1.0,0.5,1.0,1.0,0.5,2.0,0.5,1.0,1.0,1.0,2.0,0.5,2.0,
157.0,Typhlosion,2889,157,223,173,186,fire,,0.5,1.0,1.0,1.0,0.5,1.0,0.5,1.0,1.0,0.5,2.0,0.5,1.0,1.0,1.0,2.0,0.5,2.0,
158.0,Totodile,1131,118,117,109,137,water,,1.0,1.0,1.0,2.0,1.0,1.0,0.5,1.0,1.0,2.0,1.0,0.5,1.0,1.0,1.0,1.0,0.5,0.5,
159.0,Croconaw,1722,139,150,142,163,water,,1.0,1.0,1.0,2.0,1.0,1.0,0.5,1.0,1.0,2.0,1.0,0.5,1.0,1.0,1.0,1.0,0.5,0.5,
160.0,Feraligatr,2857,166,205,188,198,water,,1.0,1.0,1.0,2.0,1.0,1.0,0.5,1.0,1.0,2.0,1.0,0.5,1.0,1.0,1.0,1.0,0.5,0.5,
161.0,Sentret,618,98,79,73,111,normal,,1.0,1.0,1.0,1.0,1.0,2.0,1.0,1.0,0.0,1.0,1.0,1.0,1.0,1.0,1.0,1.0,1.0,1.0,
162.0,Furret,1758,166,148,125,198,normal,,1.0,1.0,1.0,1.0,1.0,2.0,1.0,1.0,0.0,1.0,1.0,1.0,1.0,1.0,1.0,1.0,1.0,1.0,
163.0,Hoothoot,677,132,67,88,155,normal,flying,0.5,1.0,1.0,2.0,1.0,1.0,1.0,1.0,0.0,0.5,0.0,2.0,1.0,1.0,1.0,2.0,1.0,1.0,
164.0,Noctowl,2024,187,145,156,225,normal,flying,0.5,1.0,1.0,2.0,1.0,1.0,1.0,1.0,0.0,0.5,0.0,2.0,1.0,1.0,1.0,2.0,1.0,1.0,
165.0,Ledyba,728,105,72,118,120,bug,flying,0.5,1.0,1.0,2.0,1.0,0.25,2.0,2.0,1.0,0.25,0.0,2.0,1.0,1.0,1.0,4.0,1.0,1.0,
166.0,Ledian,1346,125,107,179,146,bug,flying,0.5,1.0,1.0,2.0,1.0,0.25,2.0,2.0,1.0,0.25,0.0,2.0,1.0,1.0,1.0,4.0,1.0,1.0,
167.0,Spinarak,816,105,105,73,120,bug,poison,0.5,1.0,1.0,1.0,0.5,0.25,2.0,2.0,1.0,0.25,1.0,1.0,1.0,0.5,2.0,2.0,1.0,1.0,
168.0,Ariados,1772,146,161,124,172,bug,poison,0.5,1.0,1.0,1.0,0.5,0.25,2.0,2.0,1.0,0.25,1.0,1.0,1.0,0.5,2.0,2.0,1.0,1.0,
169.0,Crobat,2646,166,194,178,198,poison,flying,0.25,1.0,1.0,2.0,0.5,0.25,1.0,1.0,1.0,0.25,0.0,2.0,1.0,0.5,2.0,2.0,1.0,1.0,
170.0,Chinchou,1119,153,106,97,181,water,electric,1.0,1.0,1.0,1.0,1.0,1.0,0.5,0.5,1.0,2.0,2.0,0.5,1.0,1.0,1.0,1.0,0.25,0.5,
171.0,Lanturn,2085,221,146,137,268,water,electric,1.0,1.0,1.0,1.0,1.0,1.0,0.5,0.5,1.0,2.0,2.0,0.5,1.0,1.0,1.0,1.0,0.25,0.5,
172.0,Pichu,473,78,77,53,85,electric,,1.0,1.0,1.0,0.5,1.0,1.0,1.0,0.5,1.0,1.0,2.0,1.0,1.0,1.0,1.0,1.0,0.5,1.0,
173.0,Cleffa,671,118,75,79,137,fairy,,0.5,0.5,0.0,1.0,1.0,0.5,1.0,1.0,1.0,1.0,1.0,1.0,1.0,2.0,1.0,1.0,2.0,1.0,
174.0,Igglybuff,535,173,69,32,207,normal,fairy,0.5,0.5,0.0,1.0,1.0,1.0,1.0,1.0,0.0,1.0,1.0,1.0,1.0,2.0,1.0,1.0,2.0,1.0,
175.0,Togepi,657,98,67,116,111,fairy,,0.5,0.5,0.0,1.0,1.0,0.5,1.0,1.0,1.0,1.0,1.0,1.0,1.0,2.0,1.0,1.0,2.0,1.0,
176.0,Togetic,1708,125,139,181,146,fairy,flying,0.25,0.5,0.0,2.0,1.0,0.25,1.0,1.0,1.0,0.5,0.0,2.0,1.0,2.0,1.0,2.0,2.0,1.0,
177.0,Natu,1102,105,134,89,120,psychic,flying,1.0,2.0,1.0,2.0,1.0,0.25,1.0,1.0,2.0,0.5,0.0,2.0,1.0,1.0,0.5,2.0,1.0,1.0,
178.0,Xatu,2188,139,192,146,163,psychic,flying,1.0,2.0,1.0,2.0,1.0,0.25,1.0,1.0,2.0,0.5,0.0,2.0,1.0,1.0,0.5,2.0,1.0,1.0,
179.0,Mareep,991,125,114,79,146,electric,,1.0,1.0,1.0,0.5,1.0,1.0,1.0,0.5,1.0,1.0,2.0,1.0,1.0,1.0,1.0,1.0,0.5,1.0,
180.0,Flaaffy,1521,146,145,109,172,electric,,1.0,1.0,1.0,0.5,1.0,1.0,1.0,0.5,1.0,1.0,2.0,1.0,1.0,1.0,1.0,1.0,0.5,1.0,
181.0,Ampharos,2852,173,211,169,207,electric,,1.0,1.0,1.0,0.5,1.0,1.0,1.0,0.5,1.0,1.0,2.0,1.0,1.0,1.0,1.0,1.0,0.5,1.0,
182.0,Bellossom,2281,153,169,186,181,grass,,2.0,1.0,1.0,0.5,1.0,1.0,2.0,2.0,1.0,0.5,0.5,2.0,1.0,2.0,1.0,1.0,1.0,0.5,
183.0,Marill,461,146,37,93,172,water,fairy,0.5,0.5,0.0,2.0,1.0,0.5,0.5,1.0,1.0,2.0,1.0,0.5,1.0,2.0,1.0,1.0,1.0,0.5,
184.0,Azumarill,1588,187,112,152,225,water,fairy,0.5,0.5,0.0,2.0,1.0,0.5,0.5,1.0,1.0,2.0,1.0,0.5,1.0,2.0,1.0,1.0,1.0,0.5,
185.0,Sudowoodo,2148,146,167,176,172,rock,,1.0,1.0,1.0,1.0,1.0,2.0,0.5,0.5,1.0,2.0,2.0,1.0,0.5,0.5,1.0,1.0,2.0,2.0,
186.0,Politoed,2449,173,174,179,207,water,,1.0,1.0,1.0,2.0,1.0,1.0,0.5,1.0,1.0,2.0,1.0,0.5,1.0,1.0,1.0,1.0,0.5,0.5,
187.0,Hoppip,600,98,67,94,111,grass,flying,1.0,1.0,1.0,1.0,1.0,0.5,2.0,2.0,1.0,0.25,0.0,4.0,1.0,2.0,1.0,2.0,1.0,0.5,
188.0,Skiploom,976,125,91,120,146,grass,flying,1.0,1.0,1.0,1.0,1.0,0.5,2.0,2.0,1.0,0.25,0.0,4.0,1.0,2.0,1.0,2.0,1.0,0.5,
189.0,Jumpluff,1636,153,118,183,181,grass,flying,1.0,1.0,1.0,1.0,1.0,0.5,2.0,2.0,1.0,0.25,0.0,4.0,1.0,2.0,1.0,2.0,1.0,0.5,
190.0,Aipom,1348,125,136,112,146,normal,,1.0,1.0,1.0,1.0,1.0,2.0,1.0,1.0,0.0,1.0,1.0,1.0,1.0,1.0,1.0,1.0,1.0,1.0,
191.0,Sunkern,395,91,55,55,102,grass,,2.0,1.0,1.0,0.5,1.0,1.0,2.0,2.0,1.0,0.5,0.5,2.0,1.0,2.0,1.0,1.0,1.0,0.5,
192.0,Sunflora,2141,153,185,135,181,grass,,2.0,1.0,1.0,0.5,1.0,1.0,2.0,2.0,1.0,0.5,0.5,2.0,1.0,2.0,1.0,1.0,1.0,0.5,
193.0,Yanma,1470,139,154,94,163,bug,flying,0.5,1.0,1.0,2.0,1.0,0.25,2.0,2.0,1.0,0.25,0.0,2.0,1.0,1.0,1.0,4.0,1.0,1.0,
194.0,Wooper,641,125,75,66,146,water,ground,1.0,1.0,1.0,0.0,1.0,1.0,0.5,1.0,1.0,4.0,1.0,1.0,1.0,0.5,1.0,0.5,0.5,1.0,
195.0,Quagsire,1992,180,152,143,216,water,ground,1.0,1.0,1.0,0.0,1.0,1.0,0.5,1.0,1.0,4.0,1.0,1.0,1.0,0.5,1.0,0.5,0.5,1.0,
196.0,Espeon,3170,139,261,175,163,psychic,,2.0,2.0,1.0,1.0,1.0,0.5,1.0,1.0,2.0,1.0,1.0,1.0,1.0,1.0,0.5,1.0,1.0,1.0,
197.0,Umbreon,2137,180,126,240,216,dark,,2.0,0.5,1.0,1.0,2.0,2.0,1.0,1.0,0.5,1.0,1.0,1.0,1.0,1.0,0.0,1.0,1.0,1.0,
198.0,Murkrow,1562,132,175,87,155,dark,flying,1.0,0.5,1.0,2.0,2.0,1.0,1.0,1.0,0.5,0.5,0.0,2.0,1.0,1.0,0.0,2.0,1.0,1.0,
199.0,Slowking,2545,180,177,180,216,water,psychic,2.0,2.0,1.0,2.0,1.0,0.5,0.5,1.0,2.0,2.0,1.0,0.5,1.0,1.0,0.5,1.0,0.5,0.5,
200.0,Misdreavus,1926,132,167,154,155,ghost,,0.5,2.0,1.0,1.0,1.0,0.0,1.0,1.0,2.0,1.0,1.0,1.0,0.0,0.5,1.0,1.0,1.0,1.0,
201.0,Unown,1185,116,136,91,134,psychic,,2.0,2.0,1.0,1.0,1.0,0.5,1.0,1.0,2.0,1.0,1.0,1.0,1.0,1.0,0.5,1.0,1.0,1.0,
202.0,Wobbuffet,1026,310,60,106,382,psychic,,2.0,2.0,1.0,1.0,1.0,0.5,1.0,1.0,2.0,1.0,1.0,1.0,1.0,1.0,0.5,1.0,1.0,1.0,
203.0,Girafarig,2046,146,182,133,172,normal,psychic,2.0,2.0,1.0,1.0,1.0,1.0,1.0,1.0,0.0,1.0,1.0,1.0,1.0,1.0,0.5,1.0,1.0,1.0,
204.0,Pineco,1108,118,108,122,137,bug,,1.0,1.0,1.0,1.0,1.0,0.5,2.0,2.0,1.0,0.5,0.5,1.0,1.0,1.0,1.0,2.0,1.0,1.0,
205.0,Forretress,2282,153,161,205,181,bug,steel,0.5,1.0,0.5,1.0,0.5,1.0,4.0,1.0,1.0,0.25,1.0,0.5,0.5,0.0,0.5,1.0,0.5,1.0,
206.0,Dunsparce,1689,187,131,128,225,normal,,1.0,1.0,1.0,1.0,1.0,2.0,1.0,1.0,0.0,1.0,1.0,1.0,1.0,1.0,1.0,1.0,1.0,1.0,
207.0,Gligar,1857,139,143,184,163,ground,flying,0.5,1.0,1.0,0.0,1.0,0.5,1.0,1.0,1.0,1.0,0.0,4.0,1.0,0.5,1.0,1.0,1.0,2.0,
208.0,Steelix,2414,153,148,272,181,steel,ground,0.5,1.0,0.5,0.0,0.5,2.0,2.0,0.5,1.0,1.0,2.0,1.0,0.5,0.0,0.5,0.25,0.5,2.0,
209.0,Snubbull,1237,132,137,85,155,fairy,,0.5,0.5,0.0,1.0,1.0,0.5,1.0,1.0,1.0,1.0,1.0,1.0,1.0,2.0,1.0,1.0,2.0,1.0,
210.0,Granbull,2552,173,212,131,207,fairy,,0.5,0.5,0.0,1.0,1.0,0.5,1.0,1.0,1.0,1.0,1.0,1.0,1.0,2.0,1.0,1.0,2.0,1.0,
211.0,Qwilfish,2051,139,184,138,163,water,poison,0.5,1.0,1.0,2.0,0.5,0.5,0.5,1.0,1.0,1.0,2.0,0.5,1.0,0.5,2.0,1.0,0.5,0.5,
212.0,Scizor,3001,146,236,181,172,bug,steel,0.5,1.0,0.5,1.0,0.5,1.0,4.0,1.0,1.0,0.25,1.0,0.5,0.5,0.0,0.5,1.0,0.5,1.0,
213.0,Shuckle,405,78,17,396,85,bug,rock,1.0,1.0,1.0,1.0,1.0,1.0,1.0,1.0,1.0,1.0,1.0,1.0,0.5,0.5,1.0,2.0,2.0,2.0,
214.0,Heracross,3101,160,234,179,190,bug,fighting,0.5,0.5,1.0,1.0,2.0,0.5,2.0,4.0,1.0,0.5,0.5,1.0,1.0,1.0,2.0,1.0,1.0,1.0,
215.0,Sneasel,2051,125,189,146,146,dark,ice,2.0,0.5,1.0,1.0,2.0,4.0,2.0,1.0,0.5,1.0,1.0,0.5,1.0,1.0,0.0,2.0,2.0,1.0,
216.0,Teddiursa,1328,132,142,93,155,normal,,1.0,1.0,1.0,1.0,1.0,2.0,1.0,1.0,0.0,1.0,1.0,1.0,1.0,1.0,1.0,1.0,1.0,1.0,
217.0,Ursaring,2945,173,236,144,207,normal,,1.0,1.0,1.0,1.0,1.0,2.0,1.0,1.0,0.0,1.0,1.0,1.0,1.0,1.0,1.0,1.0,1.0,1.0,
218.0,Slugma,895,105,118,71,120,fire,,0.5,1.0,1.0,1.0,0.5,1.0,0.5,1.0,1.0,0.5,2.0,0.5,1.0,1.0,1.0,2.0,0.5,2.0,
219.0,Magcargo,1702,118,139,191,137,fire,rock,0.5,1.0,1.0,1.0,0.5,2.0,0.25,0.5,1.0,1.0,4.0,0.5,0.5,0.5,1.0,2.0,1.0,4.0,
220.0,Swinub,741,118,90,69,137,ice,ground,1.0,1.0,1.0,0.0,1.0,2.0,2.0,1.0,1.0,2.0,1.0,1.0,1.0,0.5,1.0,1.0,2.0,2.0,
221.0,Piloswine,2345,187,181,138,225,ice,ground,1.0,1.0,1.0,0.0,1.0,2.0,2.0,1.0,1.0,2.0,1.0,1.0,1.0,0.5,1.0,1.0,2.0,2.0,
222.0,Corsola,1378,125,118,156,146,water,rock,1.0,1.0,1.0,2.0,1.0,2.0,0.25,0.5,1.0,4.0,2.0,0.5,0.5,0.5,1.0,1.0,1.0,1.0,
223.0,Remoraid,912,98,127,69,111,water,,1.0,1.0,1.0,2.0,1.0,1.0,0.5,1.0,1.0,2.0,1.0,0.5,1.0,1.0,1.0,1.0,0.5,0.5,
224.0,Octillery,2315,153,197,141,181,water,,1.0,1.0,1.0,2.0,1.0,1.0,0.5,1.0,1.0,2.0,1.0,0.5,1.0,1.0,1.0,1.0,0.5,0.5,
225.0,Delibird,1094,111,128,90,128,ice,flying,0.5,1.0,1.0,2.0,1.0,1.0,2.0,1.0,1.0,0.5,0.0,1.0,1.0,1.0,1.0,4.0,2.0,1.0,
226.0,Mantine,2108,139,148,226,163,water,flying,0.5,1.0,1.0,4.0,1.0,0.5,0.5,1.0,1.0,1.0,0.0,1.0,1.0,1.0,1.0,2.0,0.5,0.5,
227.0,Skarmory,2108,139,148,226,163,steel,flying,0.25,1.0,0.5,2.0,0.5,1.0,2.0,0.5,1.0,0.25,0.0,1.0,0.5,0.0,0.5,1.0,0.5,1.0,
228.0,Houndour,1234,111,152,83,128,dark,fire,1.0,0.5,1.0,1.0,1.0,2.0,0.5,1.0,0.5,0.5,2.0,0.5,1.0,1.0,0.0,2.0,0.5,2.0,
229.0,Houndoom,2635,153,224,144,181,dark,fire,1.0,0.5,1.0,1.0,1.0,2.0,0.5,1.0,0.5,0.5,2.0,0.5,1.0,1.0,0.0,2.0,0.5,2.0,
230.0,Kingdra,2641,153,194,194,181,water,dragon,1.0,1.0,2.0,1.0,2.0,1.0,0.25,1.0,1.0,1.0,1.0,1.0,1.0,1.0,1.0,1.0,0.5,0.25,
231.0,Phanpy,1206,173,107,98,207,ground,,1.0,1.0,1.0,0.0,1.0,1.0,1.0,1.0,1.0,2.0,1.0,2.0,1.0,0.5,1.0,0.5,1.0,2.0,
232.0,Donphan,3013,173,214,185,207,ground,,1.0,1.0,1.0,0.0,1.0,1.0,1.0,1.0,1.0,2.0,1.0,2.0,1.0,0.5,1.0,0.5,1.0,2.0,
233.0,Porygon2,2711,166,198,180,198,normal,,1.0,1.0,1.0,1.0,1.0,2.0,1.0,1.0,0.0,1.0,1.0,1.0,1.0,1.0,1.0,1.0,1.0,1.0,
234.0,Stantler,2164,150,192,131,177,normal,,1.0,1.0,1.0,1.0,1.0,2.0,1.0,1.0,0.0,1.0,1.0,1.0,1.0,1.0,1.0,1.0,1.0,1.0,
235.0,Smeargle,431,125,40,83,146,normal,,1.0,1.0,1.0,1.0,1.0,2.0,1.0,1.0,0.0,1.0,1.0,1.0,1.0,1.0,1.0,1.0,1.0,1.0,
236.0,Tyrogue,492,98,64,64,111,fighting,,0.5,0.5,1.0,1.0,2.0,1.0,1.0,2.0,1.0,1.0,1.0,1.0,1.0,1.0,2.0,0.5,1.0,1.0,
237.0,Hitmontop,2156,118,173,207,137,fighting,,0.5,0.5,1.0,1.0,2.0,1.0,1.0,2.0,1.0,1.0,1.0,1.0,1.0,1.0,2.0,0.5,1.0,1.0,
238.0,Smoochum,1291,111,153,91,128,ice,psychic,2.0,2.0,1.0,1.0,1.0,1.0,2.0,1.0,2.0,1.0,1.0,0.5,1.0,1.0,0.5,2.0,2.0,1.0,
239.0,Elekid,1206,111,135,101,128,electric,,1.0,1.0,1.0,0.5,1.0,1.0,1.0,0.5,1.0,1.0,2.0,1.0,1.0,1.0,1.0,1.0,0.5,1.0,
240.0,Magby,1323,111,151,99,128,fire,,0.5,1.0,1.0,1.0,0.5,1.0,0.5,1.0,1.0,0.5,2.0,0.5,1.0,1.0,1.0,2.0,0.5,2.0,
241.0,Miltank,2354,180,157,193,216,normal,,1.0,1.0,1.0,1.0,1.0,2.0,1.0,1.0,0.0,1.0,1.0,1.0,1.0,1.0,1.0,1.0,1.0,1.0,
242.0,Blissey,2757,399,129,169,496,normal,,1.0,1.0,1.0,1.0,1.0,2.0,1.0,1.0,0.0,1.0,1.0,1.0,1.0,1.0,1.0,1.0,1.0,1.0,
243.0,Raikou,3452,173,241,195,207,electric,,1.0,1.0,1.0,0.5,1.0,1.0,1.0,0.5,1.0,1.0,2.0,1.0,1.0,1.0,1.0,1.0,0.5,1.0,
244.0,Entei,3473,207,235,171,251,fire,,0.5,1.0,1.0,1.0,0.5,1.0,0.5,1.0,1.0,0.5,2.0,0.5,1.0,1.0,1.0,2.0,0.5,2.0,
245.0,Suicune,2983,187,180,235,225,water,,1.0,1.0,1.0,2.0,1.0,1.0,0.5,1.0,1.0,2.0,1.0,0.5,1.0,1.0,1.0,1.0,0.5,0.5,
246.0,Larvitar,1040,118,115,93,137,rock,ground,1.0,1.0,1.0,0.0,1.0,2.0,0.5,0.5,1.0,4.0,2.0,2.0,0.5,0.25,1.0,0.5,2.0,4.0,
247.0,Pupitar,1766,146,155,133,172,rock,ground,1.0,1.0,1.0,0.0,1.0,2.0,0.5,0.5,1.0,4.0,2.0,2.0,0.5,0.25,1.0,0.5,2.0,4.0,
248.0,Tyranitar,3834,187,251,207,225,rock,dark,2.0,0.5,1.0,1.0,2.0,4.0,0.5,0.5,0.5,2.0,2.0,1.0,0.5,0.5,0.0,1.0,2.0,2.0,
249.0,Lugia,3703,195,193,310,235,psychic,flying,1.0,2.0,1.0,2.0,1.0,0.25,1.0,1.0,2.0,0.5,0.0,2.0,1.0,1.0,0.5,2.0,1.0,1.0,
250.0,Ho-oh,3863,179,239,244,214,fire,flying,0.25,1.0,1.0,2.0,0.5,0.5,0.5,1.0,1.0,0.25,0.0,1.0,1.0,1.0,1.0,4.0,0.5,2.0,
251.0,Celebi,3265,187,210,210,225,psychic,grass,4.0,2.0,1.0,0.5,1.0,0.5,2.0,2.0,2.0,0.5,0.5,2.0,1.0,2.0,0.5,1.0,1.0,0.5,
252.0,Treecko,1053,105,124,94,120,grass,,2.0,1.0,1.0,0.5,1.0,1.0,2.0,2.0,1.0,0.5,0.5,2.0,1.0,2.0,1.0,1.0,1.0,0.5,
253.0,Grovyle,1673,118,172,120,137,grass,,2.0,1.0,1.0,0.5,1.0,1.0,2.0,2.0,1.0,0.5,0.5,2.0,1.0,2.0,1.0,1.0,1.0,0.5,
254.0,Sceptile,2757,146,223,169,172,grass,,2.0,1.0,1.0,0.5,1.0,1.0,2.0,2.0,1.0,0.5,0.5,2.0,1.0,2.0,1.0,1.0,1.0,0.5,
255.0,Torchic,1093,111,130,87,128,fire,,0.5,1.0,1.0,1.0,0.5,1.0,0.5,1.0,1.0,0.5,2.0,0.5,1.0,1.0,1.0,2.0,0.5,2.0,
256.0,Combusken,1652,132,163,115,155,fire,fighting,0.25,0.5,1.0,1.0,1.0,1.0,0.5,2.0,1.0,0.5,2.0,0.5,1.0,1.0,2.0,1.0,0.5,2.0,
257.0,Blaziken,2848,160,240,141,190,fire,fighting,0.25,0.5,1.0,1.0,1.0,1.0,0.5,2.0,1.0,0.5,2.0,0.5,1.0,1.0,2.0,1.0,0.5,2.0,
258.0,Mudkip,1128,118,126,93,137,water,,1.0,1.0,1.0,2.0,1.0,1.0,0.5,1.0,1.0,2.0,1.0,0.5,1.0,1.0,1.0,1.0,0.5,0.5,
259.0,Marshtomp,1776,146,156,133,172,water,ground,1.0,1.0,1.0,0.0,1.0,1.0,0.5,1.0,1.0,4.0,1.0,1.0,1.0,0.5,1.0,0.5,0.5,1.0,
260.0,Swampert,2974,187,208,175,225,water,ground,1.0,1.0,1.0,0.0,1.0,1.0,0.5,1.0,1.0,4.0,1.0,1.0,1.0,0.5,1.0,0.5,0.5,1.0,
261.0,Poochyena,678,98,96,61,111,dark,,2.0,0.5,1.0,1.0,2.0,2.0,1.0,1.0,0.5,1.0,1.0,1.0,1.0,1.0,0.0,1.0,1.0,1.0,
262.0,Mightyena,1926,146,171,132,172,dark,,2.0,0.5,1.0,1.0,2.0,2.0,1.0,1.0,0.5,1.0,1.0,1.0,1.0,1.0,0.0,1.0,1.0,1.0,
263.0,Zigzagoon,508,102,58,80,116,normal,,1.0,1.0,1.0,1.0,1.0,2.0,1.0,1.0,0.0,1.0,1.0,1.0,1.0,1.0,1.0,1.0,1.0,1.0,
264.0,Linoone,1662,157,142,128,186,normal,,1.0,1.0,1.0,1.0,1.0,2.0,1.0,1.0,0.0,1.0,1.0,1.0,1.0,1.0,1.0,1.0,1.0,1.0,
265.0,Wurmple,578,111,75,59,128,bug,,1.0,1.0,1.0,1.0,1.0,0.5,2.0,2.0,1.0,0.5,0.5,1.0,1.0,1.0,1.0,2.0,1.0,1.0,
266.0,Silcoon,553,118,60,77,137,bug,,1.0,1.0,1.0,1.0,1.0,0.5,2.0,2.0,1.0,0.5,0.5,1.0,1.0,1.0,1.0,2.0,1.0,1.0,
267.0,Beautifly,1765,132,189,98,155,bug,flying,0.5,1.0,1.0,2.0,1.0,0.25,2.0,2.0,1.0,0.25,0.0,2.0,1.0,1.0,1.0,4.0,1.0,1.0,
268.0,Cascoon,553,118,60,77,137,bug,,1.0,1.0,1.0,1.0,1.0,0.5,2.0,2.0,1.0,0.5,0.5,1.0,1.0,1.0,1.0,2.0,1.0,1.0,
269.0,Dustox,1224,132,98,162,155,bug,poison,0.5,1.0,1.0,1.0,0.5,0.25,2.0,2.0,1.0,0.25,1.0,1.0,1.0,0.5,2.0,2.0,1.0,1.0,
270.0,Lotad,598,105,71,77,120,water,grass,2.0,1.0,1.0,1.0,1.0,1.0,1.0,2.0,1.0,1.0,0.5,1.0,1.0,2.0,1.0,1.0,0.5,0.25,
271.0,Lombre,1197,132,112,119,155,water,grass,2.0,1.0,1.0,1.0,1.0,1.0,1.0,2.0,1.0,1.0,0.5,1.0,1.0,2.0,1.0,1.0,0.5,0.25,
272.0,Ludicolo,2323,160,173,176,190,water,grass,2.0,1.0,1.0,1.0,1.0,1.0,1.0,2.0,1.0,1.0,0.5,1.0,1.0,2.0,1.0,1.0,0.5,0.25,
273.0,Seedot,598,105,71,77,120,grass,,2.0,1.0,1.0,0.5,1.0,1.0,2.0,2.0,1.0,0.5,0.5,2.0,1.0,2.0,1.0,1.0,1.0,0.5,
274.0,Nuzleaf,1227,146,134,78,172,grass,dark,4.0,0.5,1.0,0.5,2.0,2.0,2.0,2.0,0.5,0.5,0.5,2.0,1.0,2.0,0.0,1.0,1.0,0.5,
275.0,Shiftry,2333,173,200,121,207,grass,dark,4.0,0.5,1.0,0.5,2.0,2.0,2.0,2.0,0.5,0.5,0.5,2.0,1.0,2.0,0.0,1.0,1.0,0.5,
276.0,Taillow,765,105,106,61,120,normal,flying,0.5,1.0,1.0,2.0,1.0,1.0,1.0,1.0,0.0,0.5,0.0,2.0,1.0,1.0,1.0,2.0,1.0,1.0,
277.0,Swellow,1920,132,185,124,155,normal,flying,0.5,1.0,1.0,2.0,1.0,1.0,1.0,1.0,0.0,0.5,0.0,2.0,1.0,1.0,1.0,2.0,1.0,1.0,
278.0,Wingull,765,105,106,61,120,water,flying,0.5,1.0,1.0,4.0,1.0,0.5,0.5,1.0,1.0,1.0,0.0,1.0,1.0,1.0,1.0,2.0,0.5,0.5,
279.0,Pelipper,2127,132,175,174,155,water,flying,0.5,1.0,1.0,4.0,1.0,0.5,0.5,1.0,1.0,1.0,0.0,1.0,1.0,1.0,1.0,2.0,0.5,0.5,
280.0,Ralts,539,89,79,59,99,psychic,fairy,1.0,1.0,0.0,1.0,1.0,0.25,1.0,1.0,2.0,1.0,1.0,1.0,1.0,2.0,0.5,1.0,2.0,1.0,
281.0,Kirlia,966,102,117,90,116,psychic,fairy,1.0,1.0,0.0,1.0,1.0,0.25,1.0,1.0,2.0,1.0,1.0,1.0,1.0,2.0,0.5,1.0,2.0,1.0,
282.0,Gardevoir,3093,143,237,195,169,psychic,fairy,1.0,1.0,0.0,1.0,1.0,0.25,1.0,1.0,2.0,1.0,1.0,1.0,1.0,2.0,0.5,1.0,2.0,1.0,
283.0,Surskit,791,105,93,87,120,bug,water,1.0,1.0,1.0,2.0,1.0,0.5,1.0,2.0,1.0,1.0,0.5,0.5,1.0,1.0,1.0,2.0,0.5,0.5,
284.0,Masquerain,2270,146,192,150,172,bug,flying,0.5,1.0,1.0,2.0,1.0,0.25,2.0,2.0,1.0,0.25,0.0,2.0,1.0,1.0,1.0,4.0,1.0,1.0,
285.0,Shroomish,810,132,74,110,155,grass,,2.0,1.0,1.0,0.5,1.0,1.0,2.0,2.0,1.0,0.5,0.5,2.0,1.0,2.0,1.0,1.0,1.0,0.5,
286.0,Breloom,2628,132,241,144,155,grass,fighting,1.0,0.5,1.0,0.5,2.0,1.0,2.0,4.0,1.0,0.5,0.5,2.0,1.0,2.0,2.0,0.5,1.0,0.5,
287.0,Slakoth,1002,132,104,92,155,normal,,1.0,1.0,1.0,1.0,1.0,2.0,1.0,1.0,0.0,1.0,1.0,1.0,1.0,1.0,1.0,1.0,1.0,1.0,
288.0,Vigoroth,1968,160,159,145,190,normal,,1.0,1.0,1.0,1.0,1.0,2.0,1.0,1.0,0.0,1.0,1.0,1.0,1.0,1.0,1.0,1.0,1.0,1.0,
289.0,Slaking,4431,233,290,166,284,normal,,1.0,1.0,1.0,1.0,1.0,2.0,1.0,1.0,0.0,1.0,1.0,1.0,1.0,1.0,1.0,1.0,1.0,1.0,
290.0,Nincada,768,93,80,126,104,bug,ground,1.0,1.0,1.0,0.0,1.0,0.5,2.0,2.0,1.0,1.0,0.5,2.0,1.0,0.5,1.0,1.0,1.0,2.0,
291.0,Ninjask,1969,133,199,112,156,bug,flying,0.5,1.0,1.0,2.0,1.0,0.25,2.0,2.0,1.0,0.25,0.0,2.0,1.0,1.0,1.0,4.0,1.0,1.0,
292.0,Shedinja,393,12,153,73,1,bug,ghost,0.5,2.0,1.0,1.0,1.0,0.0,2.0,2.0,2.0,0.5,0.5,1.0,0.0,0.5,1.0,2.0,1.0,1.0,
293.0,Whismur,671,138,92,42,162,normal,,1.0,1.0,1.0,1.0,1.0,2.0,1.0,1.0,0.0,1.0,1.0,1.0,1.0,1.0,1.0,1.0,1.0,1.0,
294.0,Loudred,1327,165,134,81,197,normal,,1.0,1.0,1.0,1.0,1.0,2.0,1.0,1.0,0.0,1.0,1.0,1.0,1.0,1.0,1.0,1.0,1.0,1.0,
295.0,Exploud,2347,193,179,137,232,normal,,1.0,1.0,1.0,1.0,1.0,2.0,1.0,1.0,0.0,1.0,1.0,1.0,1.0,1.0,1.0,1.0,1.0,1.0,
296.0,Makuhita,817,149,99,54,176,fighting,,0.5,0.5,1.0,1.0,2.0,1.0,1.0,2.0,1.0,1.0,1.0,1.0,1.0,1.0,2.0,0.5,1.0,1.0,
297.0,Hariyama,2829,247,209,114,302,fighting,,0.5,0.5,1.0,1.0,2.0,1.0,1.0,2.0,1.0,1.0,1.0,1.0,1.0,1.0,2.0,0.5,1.0,1.0,
298.0,Azurill,364,118,36,71,137,normal,fairy,0.5,0.5,0.0,1.0,1.0,1.0,1.0,1.0,0.0,1.0,1.0,1.0,1.0,2.0,1.0,1.0,2.0,1.0,
299.0,Nosepass,993,91,82,215,102,rock,,1.0,1.0,1.0,1.0,1.0,2.0,0.5,0.5,1.0,2.0,2.0,1.0,0.5,0.5,1.0,1.0,2.0,2.0,
300.0,Skitty,739,118,84,79,137,normal,,1.0,1.0,1.0,1.0,1.0,2.0,1.0,1.0,0.0,1.0,1.0,1.0,1.0,1.0,1.0,1.0,1.0,1.0,
301.0,Delcatty,1496,146,132,127,172,normal,,1.0,1.0,1.0,1.0,1.0,2.0,1.0,1.0,0.0,1.0,1.0,1.0,1.0,1.0,1.0,1.0,1.0,1.0,
302.0,Sableye,1476,118,141,136,137,dark,ghost,1.0,1.0,1.0,1.0,2.0,0.0,1.0,1.0,1.0,1.0,1.0,1.0,0.0,0.5,0.0,1.0,1.0,1.0,
303.0,Mawile,1634,118,155,141,137,steel,fairy,0.25,0.5,0.0,1.0,0.5,1.0,2.0,0.5,1.0,0.5,2.0,0.5,0.5,0.0,0.5,0.5,1.0,1.0,
304.0,Aron,1307,118,121,141,137,steel,rock,0.5,1.0,0.5,1.0,0.5,4.0,1.0,0.25,1.0,1.0,4.0,0.5,0.25,0.0,0.5,0.5,1.0,2.0,
305.0,Lairon,2056,132,158,198,155,steel,rock,0.5,1.0,0.5,1.0,0.5,4.0,1.0,0.25,1.0,1.0,4.0,0.5,0.25,0.0,0.5,0.5,1.0,2.0,
306.0,Aggron,3000,146,198,257,172,steel,rock,0.5,1.0,0.5,1.0,0.5,4.0,1.0,0.25,1.0,1.0,4.0,0.5,0.25,0.0,0.5,0.5,1.0,2.0,
307.0,Meditite,693,91,78,107,102,fighting,psychic,1.0,1.0,1.0,1.0,2.0,0.5,1.0,2.0,2.0,1.0,1.0,1.0,1.0,1.0,1.0,0.5,1.0,1.0,
308.0,Medicham,1431,132,121,152,155,fighting,psychic,1.0,1.0,1.0,1.0,2.0,0.5,1.0,2.0,2.0,1.0,1.0,1.0,1.0,1.0,1.0,0.5,1.0,1.0,
309.0,Electrike,965,105,123,78,120,electric,,1.0,1.0,1.0,0.5,1.0,1.0,1.0,0.5,1.0,1.0,2.0,1.0,1.0,1.0,1.0,1.0,0.5,1.0,
310.0,Manectric,2340,146,215,127,172,electric,,1.0,1.0,1.0,0.5,1.0,1.0,1.0,0.5,1.0,1.0,2.0,1.0,1.0,1.0,1.0,1.0,0.5,1.0,
311.0,Plusle,1778,132,167,129,155,electric,,1.0,1.0,1.0,0.5,1.0,1.0,1.0,0.5,1.0,1.0,2.0,1.0,1.0,1.0,1.0,1.0,0.5,1.0,
312.0,Minun,1694,132,147,150,155,electric,,1.0,1.0,1.0,0.5,1.0,1.0,1.0,0.5,1.0,1.0,2.0,1.0,1.0,1.0,1.0,1.0,0.5,1.0,
313.0,Volbeat,1771,139,143,166,163,bug,,1.0,1.0,1.0,1.0,1.0,0.5,2.0,2.0,1.0,0.5,0.5,1.0,1.0,1.0,1.0,2.0,1.0,1.0,
314.0,Illumise,1771,139,143,166,163,bug,,1.0,1.0,1.0,1.0,1.0,0.5,2.0,2.0,1.0,0.5,0.5,1.0,1.0,1.0,1.0,2.0,1.0,1.0,
315.0,Roselia,1870,118,186,131,137,grass,poison,1.0,1.0,1.0,0.5,0.5,0.5,2.0,2.0,1.0,0.25,1.0,2.0,1.0,1.0,2.0,1.0,1.0,0.5,
316.0,Gulpin,866,146,80,99,172,poison,,0.5,1.0,1.0,1.0,0.5,0.5,1.0,1.0,1.0,0.5,2.0,1.0,1.0,0.5,2.0,1.0,1.0,1.0,
317.0,Swalot,1978,187,140,159,225,poison,,0.5,1.0,1.0,1.0,0.5,0.5,1.0,1.0,1.0,0.5,2.0,1.0,1.0,0.5,2.0,1.0,1.0,1.0,
318.0,Carvanha,1020,111,171,39,128,water,dark,2.0,0.5,1.0,2.0,2.0,2.0,0.5,1.0,0.5,2.0,1.0,0.5,1.0,1.0,0.0,1.0,0.5,0.5,
319.0,Sharpedo,2181,146,243,83,172,water,dark,2.0,0.5,1.0,2.0,2.0,2.0,0.5,1.0,0.5,2.0,1.0,0.5,1.0,1.0,0.0,1.0,0.5,0.5,
320.0,Wailmer,1468,228,136,68,277,water,,1.0,1.0,1.0,2.0,1.0,1.0,0.5,1.0,1.0,2.0,1.0,0.5,1.0,1.0,1.0,1.0,0.5,0.5,
321.0,Wailord,2280,283,175,87,347,water,,1.0,1.0,1.0,2.0,1.0,1.0,0.5,1.0,1.0,2.0,1.0,0.5,1.0,1.0,1.0,1.0,0.5,0.5,
322.0,Numel,1057,132,119,79,155,fire,ground,0.5,1.0,1.0,0.0,0.5,1.0,0.5,1.0,1.0,1.0,2.0,1.0,1.0,0.5,1.0,1.0,0.5,4.0,
323.0,Camerupt,2193,146,194,136,172,fire,ground,0.5,1.0,1.0,0.0,0.5,1.0,0.5,1.0,1.0,1.0,2.0,1.0,1.0,0.5,1.0,1.0,0.5,4.0,
324.0,Torkoal,2093,146,151,203,172,fire,,0.5,1.0,1.0,1.0,0.5,1.0,0.5,1.0,1.0,0.5,2.0,0.5,1.0,1.0,1.0,2.0,0.5,2.0,
325.0,Spoink,1334,132,125,122,155,psychic,,2.0,2.0,1.0,1.0,1.0,0.5,1.0,1.0,2.0,1.0,1.0,1.0,1.0,1.0,0.5,1.0,1.0,1.0,
326.0,Grumpig,2369,160,171,188,190,psychic,,2.0,2.0,1.0,1.0,1.0,0.5,1.0,1.0,2.0,1.0,1.0,1.0,1.0,1.0,0.5,1.0,1.0,1.0,
327.0,Spinda,1220,132,116,116,155,normal,,1.0,1.0,1.0,1.0,1.0,2.0,1.0,1.0,0.0,1.0,1.0,1.0,1.0,1.0,1.0,1.0,1.0,1.0,
328.0,Trapinch,1274,111,162,78,128,ground,,1.0,1.0,1.0,0.0,1.0,1.0,1.0,1.0,1.0,2.0,1.0,2.0,1.0,0.5,1.0,0.5,1.0,2.0,
329.0,Vibrava,1225,118,134,99,137,ground,dragon,1.0,1.0,2.0,0.0,2.0,1.0,0.5,1.0,1.0,1.0,1.0,4.0,1.0,0.5,1.0,0.5,1.0,1.0,
330.0,Flygon,2661,160,205,168,190,ground,dragon,1.0,1.0,2.0,0.0,2.0,1.0,0.5,1.0,1.0,1.0,1.0,4.0,1.0,0.5,1.0,0.5,1.0,1.0,
331.0,Cacnea,1242,118,156,74,137,grass,,2.0,1.0,1.0,0.5,1.0,1.0,2.0,2.0,1.0,0.5,0.5,2.0,1.0,2.0,1.0,1.0,1.0,0.5,
332.0,Cacturne,2298,146,221,115,172,grass,dark,4.0,0.5,1.0,0.5,2.0,2.0,2.0,2.0,0.5,0.5,0.5,2.0,1.0,2.0,0.0,1.0,1.0,0.5,
333.0,Swablu,824,111,76,132,128,normal,flying,0.5,1.0,1.0,2.0,1.0,1.0,1.0,1.0,0.0,0.5,0.0,2.0,1.0,1.0,1.0,2.0,1.0,1.0,
334.0,Altaria,2004,153,141,201,181,dragon,flying,0.5,1.0,2.0,1.0,2.0,0.5,0.5,1.0,1.0,0.25,0.0,4.0,1.0,1.0,1.0,2.0,1.0,0.5,
335.0,Zangoose,2418,150,222,124,177,normal,,1.0,1.0,1.0,1.0,1.0,2.0,1.0,1.0,0.0,1.0,1.0,1.0,1.0,1.0,1.0,1.0,1.0,1.0,
336.0,Seviper,2105,150,196,118,177,poison,,0.5,1.0,1.0,1.0,0.5,0.5,1.0,1.0,1.0,0.5,2.0,1.0,1.0,0.5,2.0,1.0,1.0,1.0,
337.0,Lunatone,2327,173,178,153,207,rock,psychic,2.0,2.0,1.0,1.0,1.0,1.0,0.5,0.5,2.0,2.0,2.0,1.0,0.5,0.5,0.5,1.0,2.0,2.0,
338.0,Solrock,2327,173,178,153,207,rock,psychic,2.0,2.0,1.0,1.0,1.0,1.0,0.5,0.5,2.0,2.0,2.0,1.0,0.5,0.5,0.5,1.0,2.0,2.0,
339.0,Barboach,819,118,93,82,137,water,ground,1.0,1.0,1.0,0.0,1.0,1.0,0.5,1.0,1.0,4.0,1.0,1.0,1.0,0.5,1.0,0.5,0.5,1.0,
340.0,Whiscash,2075,200,151,141,242,water,ground,1.0,1.0,1.0,0.0,1.0,1.0,0.5,1.0,1.0,4.0,1.0,1.0,1.0,0.5,1.0,0.5,0.5,1.0,
341.0,Corphish,1230,109,141,99,125,water,,1.0,1.0,1.0,2.0,1.0,1.0,0.5,1.0,1.0,2.0,1.0,0.5,1.0,1.0,1.0,1.0,0.5,0.5,
342.0,Crawdaunt,2474,136,224,142,160,water,dark,2.0,0.5,1.0,2.0,2.0,2.0,0.5,1.0,0.5,2.0,1.0,0.5,1.0,1.0,0.0,1.0,0.5,0.5,
343.0,Baltoy,787,105,77,124,120,ground,psychic,2.0,2.0,1.0,0.0,1.0,0.5,1.0,1.0,2.0,2.0,1.0,2.0,1.0,0.5,0.5,0.5,1.0,2.0,
344.0,Claydol,1971,132,140,229,155,ground,psychic,2.0,2.0,1.0,0.0,1.0,0.5,1.0,1.0,2.0,2.0,1.0,2.0,1.0,0.5,0.5,0.5,1.0,2.0,
345.0,Lileep,1291,140,105,150,165,rock,grass,2.0,1.0,1.0,0.5,1.0,2.0,1.0,1.0,1.0,1.0,1.0,2.0,0.5,1.0,1.0,1.0,2.0,1.0,
346.0,Cradily,2211,168,152,194,200,rock,grass,2.0,1.0,1.0,0.5,1.0,2.0,1.0,1.0,1.0,1.0,1.0,2.0,0.5,1.0,1.0,1.0,2.0,1.0,
347.0,Anorith,1529,111,176,100,128,rock,bug,1.0,1.0,1.0,1.0,1.0,1.0,1.0,1.0,1.0,1.0,1.0,1.0,0.5,0.5,1.0,2.0,2.0,2.0,
348.0,Armaldo,2848,153,222,174,181,rock,bug,1.0,1.0,1.0,1.0,1.0,1.0,1.0,1.0,1.0,1.0,1.0,1.0,0.5,0.5,1.0,2.0,2.0,2.0,
349.0,Feebas,274,78,29,85,85,water,,1.0,1.0,1.0,2.0,1.0,1.0,0.5,1.0,1.0,2.0,1.0,0.5,1.0,1.0,1.0,1.0,0.5,0.5,
350.0,Milotic,3005,180,192,219,216,water,,1.0,1.0,1.0,2.0,1.0,1.0,0.5,1.0,1.0,2.0,1.0,0.5,1.0,1.0,1.0,1.0,0.5,0.5,
351.0,Castform,1632,146,139,139,172,normal,,1.0,1.0,1.0,1.0,1.0,2.0,1.0,1.0,0.0,1.0,1.0,1.0,1.0,1.0,1.0,1.0,1.0,1.0,
352.0,Kecleon,2047,132,161,189,155,normal,,1.0,1.0,1.0,1.0,1.0,2.0,1.0,1.0,0.0,1.0,1.0,1.0,1.0,1.0,1.0,1.0,1.0,1.0,
353.0,Shuppet,1018,111,138,65,127,ghost,,0.5,2.0,1.0,1.0,1.0,0.0,1.0,1.0,2.0,1.0,1.0,1.0,0.0,0.5,1.0,1.0,1.0,1.0,
354.0,Banette,2298,138,218,126,162,ghost,,0.5,2.0,1.0,1.0,1.0,0.0,1.0,1.0,2.0,1.0,1.0,1.0,0.0,0.5,1.0,1.0,1.0,1.0,
355.0,Duskull,706,78,70,162,85,ghost,,0.5,2.0,1.0,1.0,1.0,0.0,1.0,1.0,2.0,1.0,1.0,1.0,0.0,0.5,1.0,1.0,1.0,1.0,
356.0,Dusclops,1591,105,124,234,120,ghost,,0.5,2.0,1.0,1.0,1.0,0.0,1.0,1.0,2.0,1.0,1.0,1.0,0.0,0.5,1.0,1.0,1.0,1.0,
357.0,Tropius,1941,186,136,163,223,grass,flying,1.0,1.0,1.0,1.0,1.0,0.5,2.0,2.0,1.0,0.25,0.0,4.0,1.0,2.0,1.0,2.0,1.0,0.5,
358.0,Chimecho,2259,153,175,170,181,psychic,,2.0,2.0,1.0,1.0,1.0,0.5,1.0,1.0,2.0,1.0,1.0,1.0,1.0,1.0,0.5,1.0,1.0,1.0,
359.0,Absol,2526,139,246,120,163,dark,,2.0,0.5,1.0,1.0,2.0,2.0,1.0,1.0,0.5,1.0,1.0,1.0,1.0,1.0,0.0,1.0,1.0,1.0,
360.0,Wynaut,534,180,41,86,216,psychic,,2.0,2.0,1.0,1.0,1.0,0.5,1.0,1.0,2.0,1.0,1.0,1.0,1.0,1.0,0.5,1.0,1.0,1.0,
361.0,Snorunt,888,118,95,95,137,ice,,1.0,1.0,1.0,1.0,1.0,2.0,2.0,1.0,1.0,1.0,1.0,0.5,1.0,1.0,1.0,2.0,2.0,1.0,
362.0,Glalie,2105,160,162,162,190,ice,,1.0,1.0,1.0,1.0,1.0,2.0,2.0,1.0,1.0,1.0,1.0,0.5,1.0,1.0,1.0,2.0,2.0,1.0,
363.0,Spheal,962,146,95,90,172,ice,water,1.0,1.0,1.0,2.0,1.0,2.0,1.0,1.0,1.0,2.0,1.0,0.25,1.0,1.0,1.0,2.0,1.0,0.5,
364.0,Sealeo,1714,173,137,132,207,ice,water,1.0,1.0,1.0,2.0,1.0,2.0,1.0,1.0,1.0,2.0,1.0,0.25,1.0,1.0,1.0,2.0,1.0,0.5,
365.0,Walrein,2726,200,182,176,242,ice,water,1.0,1.0,1.0,2.0,1.0,2.0,1.0,1.0,1.0,2.0,1.0,0.25,1.0,1.0,1.0,2.0,1.0,0.5,
366.0,Clamperl,1270,98,133,135,111,water,,1.0,1.0,1.0,2.0,1.0,1.0,0.5,1.0,1.0,2.0,1.0,0.5,1.0,1.0,1.0,1.0,0.5,0.5,
367.0,Huntail,2340,125,197,179,146,water,,1.0,1.0,1.0,2.0,1.0,1.0,0.5,1.0,1.0,2.0,1.0,0.5,1.0,1.0,1.0,1.0,0.5,0.5,
368.0,Gorebyss,2494,125,211,179,146,water,,1.0,1.0,1.0,2.0,1.0,1.0,0.5,1.0,1.0,2.0,1.0,0.5,1.0,1.0,1.0,1.0,0.5,0.5,
369.0,Relicanth,2528,187,162,203,225,water,rock,1.0,1.0,1.0,2.0,1.0,2.0,0.25,0.5,1.0,4.0,2.0,0.5,0.5,0.5,1.0,1.0,1.0,1.0,
370.0,Luvdisc,848,109,81,128,125,water,,1.0,1.0,1.0,2.0,1.0,1.0,0.5,1.0,1.0,2.0,1.0,0.5,1.0,1.0,1.0,1.0,0.5,0.5,
371.0,Bagon,1156,111,134,93,128,dragon,,1.0,1.0,2.0,0.5,2.0,1.0,0.5,1.0,1.0,0.5,1.0,2.0,1.0,1.0,1.0,1.0,1.0,0.5,
372.0,Shelgon,2031,139,172,155,163,dragon,,1.0,1.0,2.0,0.5,2.0,1.0,0.5,1.0,1.0,0.5,1.0,2.0,1.0,1.0,1.0,1.0,1.0,0.5,
373.0,Salamence,3749,180,277,168,216,dragon,flying,0.5,1.0,2.0,1.0,2.0,0.5,0.5,1.0,1.0,0.25,0.0,4.0,1.0,1.0,1.0,2.0,1.0,0.5,
374.0,Beldum,976,105,96,132,120,steel,psychic,1.0,2.0,0.5,1.0,0.5,1.0,2.0,0.5,2.0,0.5,2.0,0.5,0.5,0.0,0.25,0.5,0.5,1.0,
375.0,Metang,1721,132,138,176,155,steel,psychic,1.0,2.0,0.5,1.0,0.5,1.0,2.0,0.5,2.0,0.5,2.0,0.5,0.5,0.0,0.25,0.5,0.5,1.0,
376.0,Metagross,3791,160,257,228,190,steel,psychic,1.0,2.0,0.5,1.0,0.5,1.0,2.0,0.5,2.0,0.5,2.0,0.5,0.5,0.0,0.25,0.5,0.5,1.0,
377.0,Regirock,3122,160,179,309,190,rock,,1.0,1.0,1.0,1.0,1.0,2.0,0.5,0.5,1.0,2.0,2.0,1.0,0.5,0.5,1.0,1.0,2.0,2.0,
378.0,Regice,3122,160,179,309,190,ice,,1.0,1.0,1.0,1.0,1.0,2.0,2.0,1.0,1.0,1.0,1.0,0.5,1.0,1.0,1.0,2.0,2.0,1.0,
379.0,Registeel,2447,160,143,285,190,steel,,0.5,1.0,0.5,1.0,0.5,2.0,2.0,0.5,1.0,0.5,2.0,0.5,0.5,0.0,0.5,0.5,0.5,1.0,
380.0,Latias,3510,160,228,246,190,dragon,psychic,2.0,2.0,2.0,0.5,2.0,0.5,0.5,1.0,2.0,0.5,1.0,2.0,1.0,1.0,0.5,1.0,1.0,0.5,
381.0,Latios,3812,160,268,212,190,dragon,psychic,2.0,2.0,2.0,0.5,2.0,0.5,0.5,1.0,2.0,0.5,1.0,2.0,1.0,1.0,0.5,1.0,1.0,0.5,
382.0,Kyogre,4115,171,270,228,205,water,,1.0,1.0,1.0,2.0,1.0,1.0,0.5,1.0,1.0,2.0,1.0,0.5,1.0,1.0,1.0,1.0,0.5,0.5,
383.0,Groudon,4115,171,270,228,205,ground,,1.0,1.0,1.0,0.0,1.0,1.0,1.0,1.0,1.0,2.0,1.0,2.0,1.0,0.5,1.0,0.5,1.0,2.0,
384.0,Rayquaza,3835,178,284,170,213,dragon,flying,0.5,1.0,2.0,1.0,2.0,0.5,0.5,1.0,1.0,0.25,0.0,4.0,1.0,1.0,1.0,2.0,1.0,0.5,
385.0,Jirachi,3265,187,210,210,225,steel,psychic,1.0,2.0,0.5,1.0,0.5,1.0,2.0,0.5,2.0,0.5,2.0,0.5,0.5,0.0,0.25,0.5,0.5,1.0,
386.0,Deoxys,3160,118,345,115,137,psychic,,2.0,2.0,1.0,1.0,1.0,0.5,1.0,1.0,2.0,1.0,1.0,1.0,1.0,1.0,0.5,1.0,1.0,1.0,
387.0,Turtwig,1187,125,119,110,146,grass,,2.0,1.0,1.0,0.5,1.0,1.0,2.0,2.0,1.0,0.5,0.5,2.0,1.0,2.0,1.0,1.0,1.0,0.5,
388.0,Grotle,1890,153,157,143,181,grass,,2.0,1.0,1.0,0.5,1.0,1.0,2.0,2.0,1.0,0.5,0.5,2.0,1.0,2.0,1.0,1.0,1.0,0.5,
389.0,Torterra,2934,180,202,188,216,grass,ground,2.0,1.0,1.0,0.0,1.0,1.0,2.0,2.0,1.0,1.0,0.5,4.0,1.0,1.0,1.0,0.5,1.0,1.0,
390.0,Chimchar,957,111,113,86,127,fire,,0.5,1.0,1.0,1.0,0.5,1.0,0.5,1.0,1.0,0.5,2.0,0.5,1.0,1.0,1.0,2.0,0.5,2.0,
391.0,Monferno,1574,138,158,105,162,fire,fighting,0.25,0.5,1.0,1.0,1.0,1.0,0.5,2.0,1.0,0.5,2.0,0.5,1.0,1.0,2.0,1.0,0.5,2.0,
392.0,Infernape,2683,154,222,151,183,fire,fighting,0.25,0.5,1.0,1.0,1.0,1.0,0.5,2.0,1.0,0.5,2.0,0.5,1.0,1.0,2.0,1.0,0.5,2.0,
393.0,Piplup,1075,122,112,102,142,water,,1.0,1.0,1.0,2.0,1.0,1.0,0.5,1.0,1.0,2.0,1.0,0.5,1.0,1.0,1.0,1.0,0.5,0.5,
394.0,Prinplup,1701,138,150,139,162,water,,1.0,1.0,1.0,2.0,1.0,1.0,0.5,1.0,1.0,2.0,1.0,0.5,1.0,1.0,1.0,1.0,0.5,0.5,
395.0,Empoleon,2900,165,210,186,197,water,steel,0.5,1.0,0.5,2.0,0.5,2.0,1.0,0.5,1.0,1.0,2.0,0.25,0.5,0.0,0.5,0.5,0.25,0.5,
396.0,Starly,719,105,101,58,120,normal,flying,0.5,1.0,1.0,2.0,1.0,1.0,1.0,1.0,0.0,0.5,0.0,2.0,1.0,1.0,1.0,2.0,1.0,1.0,
397.0,Staravia,1299,125,142,94,146,normal,flying,0.5,1.0,1.0,2.0,1.0,1.0,1.0,1.0,0.0,0.5,0.0,2.0,1.0,1.0,1.0,2.0,1.0,1.0,
398.0,Staraptor,2825,166,234,140,198,normal,flying,0.5,1.0,1.0,2.0,1.0,1.0,1.0,1.0,0.0,0.5,0.0,2.0,1.0,1.0,1.0,2.0,1.0,1.0,
399.0,Bidoof,721,131,80,73,153,normal,,1.0,1.0,1.0,1.0,1.0,2.0,1.0,1.0,0.0,1.0,1.0,1.0,1.0,1.0,1.0,1.0,1.0,1.0,
400.0,Bibarel,1823,158,162,119,188,normal,water,1.0,1.0,1.0,2.0,1.0,2.0,0.5,1.0,0.0,2.0,1.0,0.5,1.0,1.0,1.0,1.0,0.5,0.5,
401.0,Kricketot,401,100,45,74,114,bug,,1.0,1.0,1.0,1.0,1.0,0.5,2.0,2.0,1.0,0.5,0.5,1.0,1.0,1.0,1.0,2.0,1.0,1.0,
402.0,Kricketune,1653,155,160,100,184,bug,,1.0,1.0,1.0,1.0,1.0,0.5,2.0,2.0,1.0,0.5,0.5,1.0,1.0,1.0,1.0,2.0,1.0,1.0,
403.0,Shinx,876,111,117,64,128,electric,,1.0,1.0,1.0,0.5,1.0,1.0,1.0,0.5,1.0,1.0,2.0,1.0,1.0,1.0,1.0,1.0,0.5,1.0,
404.0,Luxio,1486,132,159,95,155,electric,,1.0,1.0,1.0,0.5,1.0,1.0,1.0,0.5,1.0,1.0,2.0,1.0,1.0,1.0,1.0,1.0,0.5,1.0,
405.0,Luxray,2888,160,232,156,190,electric,,1.0,1.0,1.0,0.5,1.0,1.0,1.0,0.5,1.0,1.0,2.0,1.0,1.0,1.0,1.0,1.0,0.5,1.0,
406.0,Budew,856,105,91,109,120,grass,poison,1.0,1.0,1.0,0.5,0.5,0.5,2.0,2.0,1.0,0.25,1.0,2.0,1.0,1.0,2.0,1.0,1.0,0.5,
407.0,Roserade,2971,132,243,185,155,grass,poison,1.0,1.0,1.0,0.5,0.5,0.5,2.0,2.0,1.0,0.25,1.0,2.0,1.0,1.0,2.0,1.0,1.0,0.5,
408.0,Cranidos,1820,142,218,71,167,rock,,1.0,1.0,1.0,1.0,1.0,2.0,0.5,0.5,1.0,2.0,2.0,1.0,0.5,0.5,1.0,1.0,2.0,2.0,
409.0,Rampardos,3298,182,295,109,219,rock,,1.0,1.0,1.0,1.0,1.0,2.0,0.5,0.5,1.0,2.0,2.0,1.0,0.5,0.5,1.0,1.0,2.0,2.0,
410.0,Shieldon,890,91,76,195,102,rock,steel,0.5,1.0,0.5,1.0,0.5,4.0,1.0,0.25,1.0,1.0,4.0,0.5,0.25,0.0,0.5,0.5,1.0,2.0,
411.0,Bastiodon,1539,132,94,286,155,rock,steel,0.5,1.0,0.5,1.0,0.5,4.0,1.0,0.25,1.0,1.0,4.0,0.5,0.25,0.0,0.5,0.5,1.0,2.0,
412.0,Burmy,488,105,53,83,120,bug,,1.0,1.0,1.0,1.0,1.0,0.5,2.0,2.0,1.0,0.5,0.5,1.0,1.0,1.0,1.0,2.0,1.0,1.0,
413.0,Wormadam,1773,132,141,180,155,bug,grass,2.0,1.0,1.0,0.5,1.0,0.5,4.0,4.0,1.0,0.25,0.25,2.0,1.0,2.0,1.0,2.0,1.0,0.5,
414.0,Mothim,1815,146,185,98,172,bug,flying,0.5,1.0,1.0,2.0,1.0,0.25,2.0,2.0,1.0,0.25,0.0,2.0,1.0,1.0,1.0,4.0,1.0,1.0,
415.0,Combee,494,91,59,83,102,bug,flying,0.5,1.0,1.0,2.0,1.0,0.25,2.0,2.0,1.0,0.25,0.0,2.0,1.0,1.0,1.0,4.0,1.0,1.0,
416.0,Vespiquen,2005,146,149,190,172,bug,flying,0.5,1.0,1.0,2.0,1.0,0.25,2.0,2.0,1.0,0.25,0.0,2.0,1.0,1.0,1.0,4.0,1.0,1.0,
417.0,Pachirisu,1213,132,94,172,155,electric,,1.0,1.0,1.0,0.5,1.0,1.0,1.0,0.5,1.0,1.0,2.0,1.0,1.0,1.0,1.0,1.0,0.5,1.0,
418.0,Buizel,1054,125,132,67,146,water,,1.0,1.0,1.0,2.0,1.0,1.0,0.5,1.0,1.0,2.0,1.0,0.5,1.0,1.0,1.0,1.0,0.5,0.5,
419.0,Floatzel,2443,166,221,114,198,water,,1.0,1.0,1.0,2.0,1.0,1.0,0.5,1.0,1.0,2.0,1.0,0.5,1.0,1.0,1.0,1.0,0.5,0.5,
420.0,Cherubi,950,111,108,92,128,grass,,2.0,1.0,1.0,0.5,1.0,1.0,2.0,2.0,1.0,0.5,0.5,2.0,1.0,2.0,1.0,1.0,1.0,0.5,
421.0,Cherrim,2048,146,170,153,172,grass,,2.0,1.0,1.0,0.5,1.0,1.0,2.0,2.0,1.0,0.5,0.5,2.0,1.0,2.0,1.0,1.0,1.0,0.5,
422.0,Shellos,1136,154,103,105,183,water,,1.0,1.0,1.0,2.0,1.0,1.0,0.5,1.0,1.0,2.0,1.0,0.5,1.0,1.0,1.0,1.0,0.5,0.5,
423.0,Gastrodon,2324,202,169,143,244,water,ground,1.0,1.0,1.0,0.0,1.0,1.0,0.5,1.0,1.0,4.0,1.0,1.0,1.0,0.5,1.0,0.5,0.5,1.0,
424.0,Ambipom,2418,153,205,143,181,normal,,1.0,1.0,1.0,1.0,1.0,2.0,1.0,1.0,0.0,1.0,1.0,1.0,1.0,1.0,1.0,1.0,1.0,1.0,
425.0,Drifloon,1197,173,117,80,207,ghost,flying,0.25,2.0,1.0,2.0,1.0,0.0,1.0,1.0,2.0,0.5,0.0,2.0,0.0,0.5,1.0,2.0,1.0,1.0,
426.0,Drifblim,2382,255,180,102,312,ghost,flying,0.25,2.0,1.0,2.0,1.0,0.0,1.0,1.0,2.0,0.5,0.0,2.0,0.0,0.5,1.0,2.0,1.0,1.0,
427.0,Buneary,1258,125,130,105,146,normal,,1.0,1.0,1.0,1.0,1.0,2.0,1.0,1.0,0.0,1.0,1.0,1.0,1.0,1.0,1.0,1.0,1.0,1.0,
428.0,Lopunny,2059,139,156,194,163,normal,,1.0,1.0,1.0,1.0,1.0,2.0,1.0,1.0,0.0,1.0,1.0,1.0,1.0,1.0,1.0,1.0,1.0,1.0,
429.0,Mismagius,2615,132,211,187,155,ghost,,0.5,2.0,1.0,1.0,1.0,0.0,1.0,1.0,2.0,1.0,1.0,1.0,0.0,0.5,1.0,1.0,1.0,1.0,
430.0,Honchkrow,2711,187,243,103,225,dark,flying,1.0,0.5,1.0,2.0,2.0,1.0,1.0,1.0,0.5,0.5,0.0,2.0,1.0,1.0,0.0,2.0,1.0,1.0,
431.0,Glameow,934,117,109,82,135,normal,,1.0,1.0,1.0,1.0,1.0,2.0,1.0,1.0,0.0,1.0,1.0,1.0,1.0,1.0,1.0,1.0,1.0,1.0,
432.0,Purugly,1953,147,172,133,174,normal,,1.0,1.0,1.0,1.0,1.0,2.0,1.0,1.0,0.0,1.0,1.0,1.0,1.0,1.0,1.0,1.0,1.0,1.0,
433.0,Chingling,1005,111,114,94,128,psychic,,2.0,2.0,1.0,1.0,1.0,0.5,1.0,1.0,2.0,1.0,1.0,1.0,1.0,1.0,0.5,1.0,1.0,1.0,
434.0,Stunky,1151,136,121,90,160,poison,dark,1.0,0.5,1.0,1.0,1.0,1.0,1.0,1.0,0.5,0.5,2.0,1.0,1.0,0.5,0.0,1.0,1.0,1.0,
435.0,Skuntank,2358,191,184,132,230,poison,dark,1.0,0.5,1.0,1.0,1.0,1.0,1.0,1.0,0.5,0.5,2.0,1.0,1.0,0.5,0.0,1.0,1.0,1.0,
436.0,Bronzor,603,128,43,154,149,steel,psychic,1.0,2.0,0.5,1.0,0.5,1.0,2.0,0.5,2.0,0.5,2.0,0.5,0.5,0.0,0.25,0.5,0.5,1.0,
437.0,Bronzong,2239,142,161,213,167,steel,psychic,1.0,2.0,0.5,1.0,0.5,1.0,2.0,0.5,2.0,0.5,2.0,0.5,0.5,0.0,0.25,0.5,0.5,1.0,
438.0,Bonsly,1302,118,124,133,137,rock,,1.0,1.0,1.0,1.0,1.0,2.0,0.5,0.5,1.0,2.0,2.0,1.0,0.5,0.5,1.0,1.0,2.0,2.0,
439.0,Mime Jr.,1095,78,125,142,85,psychic,fairy,1.0,1.0,0.0,1.0,1.0,0.25,1.0,1.0,2.0,1.0,1.0,1.0,1.0,2.0,0.5,1.0,2.0,1.0,
440.0,Happiny,371,187,25,77,225,normal,,1.0,1.0,1.0,1.0,1.0,2.0,1.0,1.0,0.0,1.0,1.0,1.0,1.0,1.0,1.0,1.0,1.0,1.0,
441.0,Chatot,1791,154,183,91,183,normal,flying,0.5,1.0,1.0,2.0,1.0,1.0,1.0,1.0,0.0,0.5,0.0,2.0,1.0,1.0,1.0,2.0,1.0,1.0,
442.0,Spiritomb,2072,118,169,199,137,ghost,dark,1.0,1.0,1.0,1.0,2.0,0.0,1.0,1.0,1.0,1.0,1.0,1.0,0.0,0.5,0.0,1.0,1.0,1.0,
443.0,Gible,1112,129,124,84,151,dragon,ground,1.0,1.0,2.0,0.0,2.0,1.0,0.5,1.0,1.0,1.0,1.0,4.0,1.0,0.5,1.0,0.5,1.0,1.0,
444.0,Gabite,1874,143,172,125,169,dragon,ground,1.0,1.0,2.0,0.0,2.0,1.0,0.5,1.0,1.0,1.0,1.0,4.0,1.0,0.5,1.0,0.5,1.0,1.0,
445.0,Garchomp,3962,198,261,193,239,dragon,ground,1.0,1.0,2.0,0.0,2.0,1.0,0.5,1.0,1.0,1.0,1.0,4.0,1.0,0.5,1.0,0.5,1.0,1.0,
446.0,Munchlax,1892,235,137,117,286,normal,,1.0,1.0,1.0,1.0,1.0,2.0,1.0,1.0,0.0,1.0,1.0,1.0,1.0,1.0,1.0,1.0,1.0,1.0,
447.0,Riolu,993,105,127,78,120,fighting,,0.5,0.5,1.0,1.0,2.0,1.0,1.0,2.0,1.0,1.0,1.0,1.0,1.0,1.0,2.0,0.5,1.0,1.0,
448.0,Lucario,2703,146,236,144,172,fighting,steel,0.25,0.5,0.5,1.0,1.0,2.0,2.0,1.0,1.0,0.5,2.0,0.5,0.5,0.0,1.0,0.25,0.5,1.0,
449.0,Hippopotas,1358,143,124,118,169,ground,,1.0,1.0,1.0,0.0,1.0,1.0,1.0,1.0,1.0,2.0,1.0,2.0,1.0,0.5,1.0,0.5,1.0,2.0,
450.0,Hippowdon,3085,198,201,191,239,ground,,1.0,1.0,1.0,0.0,1.0,1.0,1.0,1.0,1.0,2.0,1.0,2.0,1.0,0.5,1.0,0.5,1.0,2.0,
451.0,Skorupi,1009,105,93,151,120,poison,bug,0.5,1.0,1.0,1.0,0.5,0.25,2.0,2.0,1.0,0.25,1.0,1.0,1.0,0.5,2.0,2.0,1.0,1.0,
452.0,Drapion,2453,146,180,202,172,poison,dark,1.0,0.5,1.0,1.0,1.0,1.0,1.0,1.0,0.5,0.5,2.0,1.0,1.0,0.5,0.0,1.0,1.0,1.0,
453.0,Croagunk,952,116,116,76,134,poison,fighting,0.25,0.5,1.0,1.0,1.0,0.5,1.0,2.0,1.0,0.5,2.0,1.0,1.0,0.5,4.0,0.5,1.0,1.0,
454.0,Toxicroak,2488,164,211,133,195,poison,fighting,0.25,0.5,1.0,1.0,1.0,0.5,1.0,2.0,1.0,0.5,2.0,1.0,1.0,0.5,4.0,0.5,1.0,1.0,
455.0,Carnivine,2159,151,187,136,179,grass,,2.0,1.0,1.0,0.5,1.0,1.0,2.0,2.0,1.0,0.5,0.5,2.0,1.0,2.0,1.0,1.0,1.0,0.5,
456.0,Finneon,971,117,96,116,135,water,,1.0,1.0,1.0,2.0,1.0,1.0,0.5,1.0,1.0,2.0,1.0,0.5,1.0,1.0,1.0,1.0,0.5,0.5,
457.0,Lumineon,1814,144,142,170,170,water,,1.0,1.0,1.0,2.0,1.0,1.0,0.5,1.0,1.0,2.0,1.0,0.5,1.0,1.0,1.0,1.0,0.5,0.5,
458.0,Mantyke,1248,111,105,179,128,water,flying,0.5,1.0,1.0,4.0,1.0,0.5,0.5,1.0,1.0,1.0,0.0,1.0,1.0,1.0,1.0,2.0,0.5,0.5,
459.0,Snover,1159,132,115,105,155,grass,ice,2.0,1.0,1.0,0.5,1.0,2.0,4.0,2.0,1.0,0.5,0.5,1.0,1.0,2.0,1.0,2.0,2.0,0.5,
460.0,Abomasnow,2362,173,178,158,207,grass,ice,2.0,1.0,1.0,0.5,1.0,2.0,4.0,2.0,1.0,0.5,0.5,1.0,1.0,2.0,1.0,2.0,2.0,0.5,
461.0,Weavile,3005,146,243,171,172,dark,ice,2.0,0.5,1.0,1.0,2.0,4.0,2.0,1.0,0.5,1.0,1.0,0.5,1.0,1.0,0.0,2.0,2.0,1.0,
462.0,Magnezone,3205,146,238,205,172,electric,steel,0.5,1.0,0.5,0.5,0.5,2.0,2.0,0.25,1.0,0.5,4.0,0.5,0.5,0.0,0.5,0.5,0.25,1.0,
463.0,Lickilicky,2467,200,161,181,242,normal,,1.0,1.0,1.0,1.0,1.0,2.0,1.0,1.0,0.0,1.0,1.0,1.0,1.0,1.0,1.0,1.0,1.0,1.0,
464.0,Rhyperior,3733,207,241,190,251,ground,rock,1.0,1.0,1.0,0.0,1.0,2.0,0.5,0.5,1.0,4.0,2.0,2.0,0.5,0.25,1.0,0.5,2.0,4.0,
465.0,Tangrowth,3030,187,207,184,225,grass,,2.0,1.0,1.0,0.5,1.0,1.0,2.0,2.0,1.0,0.5,0.5,2.0,1.0,2.0,1.0,1.0,1.0,0.5,
466.0,Electivire,3079,153,249,163,181,electric,,1.0,1.0,1.0,0.5,1.0,1.0,1.0,0.5,1.0,1.0,2.0,1.0,1.0,1.0,1.0,1.0,0.5,1.0,
467.0,Magmortar,3132,153,247,172,181,fire,,0.5,1.0,1.0,1.0,0.5,1.0,0.5,1.0,1.0,0.5,2.0,0.5,1.0,1.0,1.0,2.0,0.5,2.0,
468.0,Togekiss,3332,166,225,217,198,fairy,flying,0.25,0.5,0.0,2.0,1.0,0.25,1.0,1.0,1.0,0.5,0.0,2.0,1.0,2.0,1.0,2.0,2.0,1.0,
469.0,Yanmega,2946,168,231,156,200,bug,flying,0.5,1.0,1.0,2.0,1.0,0.25,2.0,2.0,1.0,0.25,0.0,2.0,1.0,1.0,1.0,4.0,1.0,1.0,
470.0,Leafeon,2944,139,216,219,163,grass,,2.0,1.0,1.0,0.5,1.0,1.0,2.0,2.0,1.0,0.5,0.5,2.0,1.0,2.0,1.0,1.0,1.0,0.5,
471.0,Glaceon,3126,139,238,205,163,ice,,1.0,1.0,1.0,1.0,1.0,2.0,2.0,1.0,1.0,1.0,1.0,0.5,1.0,1.0,1.0,2.0,2.0,1.0,
472.0,Gliscor,2692,153,185,222,181,ground,flying,0.5,1.0,1.0,0.0,1.0,0.5,1.0,1.0,1.0,1.0,0.0,4.0,1.0,0.5,1.0,1.0,1.0,2.0,
473.0,Mamoswine,3328,200,247,146,242,ice,ground,1.0,1.0,1.0,0.0,1.0,2.0,2.0,1.0,1.0,2.0,1.0,1.0,1.0,0.5,1.0,1.0,2.0,2.0,
474.0,Porygon-Z,3266,166,264,150,198,normal,,1.0,1.0,1.0,1.0,1.0,2.0,1.0,1.0,0.0,1.0,1.0,1.0,1.0,1.0,1.0,1.0,1.0,1.0,
475.0,Gallade,3093,143,237,195,169,psychic,fighting,1.0,1.0,1.0,1.0,2.0,0.5,1.0,2.0,2.0,1.0,1.0,1.0,1.0,1.0,1.0,0.5,1.0,1.0,
476.0,Probopass,2080,132,135,275,155,rock,steel,0.5,1.0,0.5,1.0,0.5,4.0,1.0,0.25,1.0,1.0,4.0,0.5,0.25,0.0,0.5,0.5,1.0,2.0,
477.0,Dusknoir,2388,111,180,254,128,ghost,,0.5,2.0,1.0,1.0,1.0,0.0,1.0,1.0,2.0,1.0,1.0,1.0,0.0,0.5,1.0,1.0,1.0,1.0,
478.0,Froslass,2040,146,171,150,172,ice,ghost,0.5,2.0,1.0,1.0,1.0,0.0,2.0,1.0,2.0,1.0,1.0,0.5,0.0,0.5,1.0,2.0,2.0,1.0,
479.0,Rotom,2031,118,185,159,137,electric,ghost,0.5,2.0,1.0,0.5,1.0,0.0,1.0,0.5,2.0,1.0,2.0,1.0,0.0,0.5,1.0,1.0,0.5,1.0,
480.0,Uxie,2524,153,156,270,181,psychic,,2.0,2.0,1.0,1.0,1.0,0.5,1.0,1.0,2.0,1.0,1.0,1.0,1.0,1.0,0.5,1.0,1.0,1.0,
481.0,Mesprit,3058,160,212,212,190,psychic,,2.0,2.0,1.0,1.0,1.0,0.5,1.0,1.0,2.0,1.0,1.0,1.0,1.0,1.0,0.5,1.0,1.0,1.0,
482.0,Azelf,3210,153,270,151,181,psychic,,2.0,2.0,1.0,1.0,1.0,0.5,1.0,1.0,2.0,1.0,1.0,1.0,1.0,1.0,0.5,1.0,1.0,1.0,
483.0,Dialga,4038,171,275,211,205,steel,dragon,0.5,1.0,1.0,0.5,1.0,2.0,1.0,0.5,1.0,0.25,2.0,1.0,0.5,0.0,0.5,0.5,0.5,0.5,
484.0,Palkia,3991,159,280,215,189,water,dragon,1.0,1.0,2.0,1.0,2.0,1.0,0.25,1.0,1.0,1.0,1.0,1.0,1.0,1.0,1.0,1.0,0.5,0.25,
485.0,Heatran,3754,175,251,213,209,fire,steel,0.25,1.0,0.5,1.0,0.25,2.0,1.0,0.5,1.0,0.25,4.0,0.25,0.5,0.0,0.5,1.0,0.25,2.0,
486.0,Regigigas,4346,184,287,210,221,normal,,1.0,1.0,1.0,1.0,1.0,2.0,1.0,1.0,0.0,1.0,1.0,1.0,1.0,1.0,1.0,1.0,1.0,1.0,
487.0,Giratina,3379,233,187,225,284,ghost,dragon,0.5,2.0,2.0,0.5,2.0,0.0,0.5,1.0,2.0,0.5,1.0,2.0,0.0,0.5,1.0,1.0,1.0,0.5,
487.1,Giratina_origin,3683,236,225,187,284,ghost,dragon,0.5,2.0,2.0,0.5,2.0,0.0,0.5,1.0,2.0,0.5,1.0,2.0,0.0,0.5,1.0,1.0,1.0,0.5,
488.0,Cresselia,2857,214,152,258,260,psychic,,2.0,2.0,1.0,1.0,1.0,0.5,1.0,1.0,2.0,1.0,1.0,1.0,1.0,1.0,0.5,1.0,1.0,1.0,
489.0,Phione,2105,160,162,162,190,water,,1.0,1.0,1.0,2.0,1.0,1.0,0.5,1.0,1.0,2.0,1.0,0.5,1.0,1.0,1.0,1.0,0.5,0.5,
490.0,Manaphy,3265,187,210,210,225,water,,1.0,1.0,1.0,2.0,1.0,1.0,0.5,1.0,1.0,2.0,1.0,0.5,1.0,1.0,1.0,1.0,0.5,0.5,
491.0,Darkrai,3739,146,285,198,172,dark,,2.0,0.5,1.0,1.0,2.0,2.0,1.0,1.0,0.5,1.0,1.0,1.0,1.0,1.0,0.0,1.0,1.0,1.0,
492.0,Shaymin,3265,187,210,210,225,grass,grass,2.0,1.0,1.0,0.5,1.0,1.0,2.0,2.0,1.0,0.5,0.5,2.0,1.0,2.0,1.0,1.0,1.0,0.5,
493.0,Arceus,3989,197,238,238,237,normal,,1.0,1.0,1.0,1.0,1.0,2.0,1.0,1.0,0.0,1.0,1.0,1.0,1.0,1.0,1.0,1.0,1.0,1.0,
494.0,Victini,3265,187,210,210,225,psychic,fire,1.0,2.0,1.0,1.0,0.5,0.5,0.5,1.0,2.0,0.5,2.0,0.5,1.0,1.0,0.5,2.0,0.5,2.0,
495.0,Snivy,849,111,88,107,128,grass,,2.0,1.0,1.0,0.5,1.0,1.0,2.0,2.0,1.0,0.5,0.5,2.0,1.0,2.0,1.0,1.0,1.0,0.5,
496.0,Servine,1441,132,122,152,155,grass,,2.0,1.0,1.0,0.5,1.0,1.0,2.0,2.0,1.0,0.5,0.5,2.0,1.0,2.0,1.0,1.0,1.0,0.5,
497.0,Serperior,2277,153,161,204,181,grass,,2.0,1.0,1.0,0.5,1.0,1.0,2.0,2.0,1.0,0.5,0.5,2.0,1.0,2.0,1.0,1.0,1.0,0.5,
498.0,Tepig,1083,139,115,85,163,fire,,0.5,1.0,1.0,1.0,0.5,1.0,0.5,1.0,1.0,0.5,2.0,0.5,1.0,1.0,1.0,2.0,0.5,2.0,
499.0,Pignite,1924,173,173,106,207,fire,fighting,0.25,0.5,1.0,1.0,1.0,1.0,0.5,2.0,1.0,0.5,2.0,0.5,1.0,1.0,2.0,1.0,0.5,2.0,
500.0,Emboar,2982,200,235,127,242,fire,fighting,0.25,0.5,1.0,1.0,1.0,1.0,0.5,2.0,1.0,0.5,2.0,0.5,1.0,1.0,2.0,1.0,0.5,2.0,
501.0,Oshawott,1046,125,117,85,146,water,,1.0,1.0,1.0,2.0,1.0,1.0,0.5,1.0,1.0,2.0,1.0,0.5,1.0,1.0,1.0,1.0,0.5,0.5,
502.0,Dewott,1741,153,159,116,181,water,,1.0,1.0,1.0,2.0,1.0,1.0,0.5,1.0,1.0,2.0,1.0,0.5,1.0,1.0,1.0,1.0,0.5,0.5,
503.0,Samurott,2826,180,212,157,216,water,,1.0,1.0,1.0,2.0,1.0,1.0,0.5,1.0,1.0,2.0,1.0,0.5,1.0,1.0,1.0,1.0,0.5,0.5,
504.0,Patrat,791,111,98,73,128,normal,,1.0,1.0,1.0,1.0,1.0,2.0,1.0,1.0,0.0,1.0,1.0,1.0,1.0,1.0,1.0,1.0,1.0,1.0,
505.0,Watchog,1819,132,165,139,155,normal,,1.0,1.0,1.0,1.0,1.0,2.0,1.0,1.0,0.0,1.0,1.0,1.0,1.0,1.0,1.0,1.0,1.0,1.0,
506.0,Lillipup,915,111,107,86,128,normal,,1.0,1.0,1.0,1.0,1.0,2.0,1.0,1.0,0.0,1.0,1.0,1.0,1.0,1.0,1.0,1.0,1.0,1.0,
507.0,Herdier,1583,139,145,126,163,normal,,1.0,1.0,1.0,1.0,1.0,2.0,1.0,1.0,0.0,1.0,1.0,1.0,1.0,1.0,1.0,1.0,1.0,1.0,
508.0,Stoutland,2827,166,206,182,198,normal,,1.0,1.0,1.0,1.0,1.0,2.0,1.0,1.0,0.0,1.0,1.0,1.0,1.0,1.0,1.0,1.0,1.0,1.0,
509.0,Purrloin,772,106,98,73,121,dark,,2.0,0.5,1.0,1.0,2.0,2.0,1.0,1.0,0.5,1.0,1.0,1.0,1.0,1.0,0.0,1.0,1.0,1.0,
510.0,Liepard,1846,138,187,106,162,dark,,2.0,0.5,1.0,1.0,2.0,2.0,1.0,1.0,0.5,1.0,1.0,1.0,1.0,1.0,0.0,1.0,1.0,1.0,
511.0,Pansage,956,118,104,94,137,grass,,2.0,1.0,1.0,0.5,1.0,1.0,2.0,2.0,1.0,0.5,0.5,2.0,1.0,2.0,1.0,1.0,1.0,0.5,
512.0,Simisage,2350,153,206,133,181,grass,,2.0,1.0,1.0,0.5,1.0,1.0,2.0,2.0,1.0,0.5,0.5,2.0,1.0,2.0,1.0,1.0,1.0,0.5,
513.0,Pansear,956,118,104,94,137,fire,,0.5,1.0,1.0,1.0,0.5,1.0,0.5,1.0,1.0,0.5,2.0,0.5,1.0,1.0,1.0,2.0,0.5,2.0,
514.0,Simisear,2350,153,206,133,181,fire,,0.5,1.0,1.0,1.0,0.5,1.0,0.5,1.0,1.0,0.5,2.0,0.5,1.0,1.0,1.0,2.0,0.5,2.0,
515.0,Panpour,956,118,104,94,137,water,,1.0,1.0,1.0,2.0,1.0,1.0,0.5,1.0,1.0,2.0,1.0,0.5,1.0,1.0,1.0,1.0,0.5,0.5,
516.0,Simipour,2350,153,206,133,181,water,,1.0,1.0,1.0,2.0,1.0,1.0,0.5,1.0,1.0,2.0,1.0,0.5,1.0,1.0,1.0,1.0,0.5,0.5,
517.0,Munna,1145,154,111,92,183,psychic,,2.0,2.0,1.0,1.0,1.0,0.5,1.0,1.0,2.0,1.0,1.0,1.0,1.0,1.0,0.5,1.0,1.0,1.0,
518.0,Musharna,2723,209,183,166,253,psychic,,2.0,2.0,1.0,1.0,1.0,0.5,1.0,1.0,2.0,1.0,1.0,1.0,1.0,1.0,0.5,1.0,1.0,1.0,
519.0,Pidove,848,118,98,80,137,normal,flying,0.5,1.0,1.0,2.0,1.0,1.0,1.0,1.0,0.0,0.5,0.0,2.0,1.0,1.0,1.0,2.0,1.0,1.0,
520.0,Tranquill,1442,135,144,107,158,normal,flying,0.5,1.0,1.0,2.0,1.0,1.0,1.0,1.0,0.0,0.5,0.0,2.0,1.0,1.0,1.0,2.0,1.0,1.0,
521.0,Unfezant,2734,160,226,146,190,normal,flying,0.5,1.0,1.0,2.0,1.0,1.0,1.0,1.0,0.0,0.5,0.0,2.0,1.0,1.0,1.0,2.0,1.0,1.0,
522.0,Blitzle,882,111,118,64,128,electric,,1.0,1.0,1.0,0.5,1.0,1.0,1.0,0.5,1.0,1.0,2.0,1.0,1.0,1.0,1.0,1.0,0.5,1.0,
523.0,Zebstrika,2428,153,211,136,181,electric,,1.0,1.0,1.0,0.5,1.0,1.0,1.0,0.5,1.0,1.0,2.0,1.0,1.0,1.0,1.0,1.0,0.5,1.0,
524.0,Roggenrola,1205,125,121,110,146,rock,,1.0,1.0,1.0,1.0,1.0,2.0,0.5,0.5,1.0,2.0,2.0,1.0,0.5,0.5,1.0,1.0,2.0,2.0,
525.0,Boldore,2029,146,174,143,172,rock,,1.0,1.0,1.0,1.0,1.0,2.0,0.5,0.5,1.0,2.0,2.0,1.0,0.5,0.5,1.0,1.0,2.0,2.0,
526.0,Gigalith,3228,166,226,201,198,rock,,1.0,1.0,1.0,1.0,1.0,2.0,0.5,0.5,1.0,2.0,2.0,1.0,0.5,0.5,1.0,1.0,2.0,2.0,
527.0,Woobat,1016,139,107,85,163,psychic,flying,1.0,2.0,1.0,2.0,1.0,0.25,1.0,1.0,2.0,0.5,0.0,2.0,1.0,1.0,0.5,2.0,1.0,1.0,
528.0,Swoobat,1716,142,161,119,167,psychic,flying,1.0,2.0,1.0,2.0,1.0,0.25,1.0,1.0,2.0,0.5,0.0,2.0,1.0,1.0,0.5,2.0,1.0,1.0,
529.0,Drilbur,1376,132,154,85,155,ground,,1.0,1.0,1.0,0.0,1.0,1.0,1.0,1.0,1.0,2.0,1.0,2.0,1.0,0.5,1.0,0.5,1.0,2.0,
530.0,Excadrill,3244,200,255,129,242,ground,steel,0.5,1.0,0.5,0.0,0.5,2.0,2.0,0.5,1.0,1.0,2.0,1.0,0.5,0.0,0.5,0.25,0.5,2.0,
531.0,Audino,1682,191,114,163,230,normal,,1.0,1.0,1.0,1.0,1.0,2.0,1.0,1.0,0.0,1.0,1.0,1.0,1.0,1.0,1.0,1.0,1.0,1.0,
532.0,Timburr,1315,153,134,87,181,fighting,,0.5,0.5,1.0,1.0,2.0,1.0,1.0,2.0,1.0,1.0,1.0,1.0,1.0,1.0,2.0,0.5,1.0,1.0,
533.0,Gurdurr,2169,166,180,134,198,fighting,,0.5,0.5,1.0,1.0,2.0,1.0,1.0,2.0,1.0,1.0,1.0,1.0,1.0,1.0,2.0,0.5,1.0,1.0,
534.0,Conkeldurr,3337,193,243,158,233,fighting,,0.5,0.5,1.0,1.0,2.0,1.0,1.0,2.0,1.0,1.0,1.0,1.0,1.0,1.0,2.0,0.5,1.0,1.0,
535.0,Tympole,839,118,98,78,137,water,,1.0,1.0,1.0,2.0,1.0,1.0,0.5,1.0,1.0,2.0,1.0,0.5,1.0,1.0,1.0,1.0,0.5,0.5,
536.0,Palpitoad,1392,153,128,109,181,water,ground,1.0,1.0,1.0,0.0,1.0,1.0,0.5,1.0,1.0,4.0,1.0,1.0,1.0,0.5,1.0,0.5,0.5,1.0,
537.0,Seismitoad,2564,193,188,150,233,water,ground,1.0,1.0,1.0,0.0,1.0,1.0,0.5,1.0,1.0,4.0,1.0,1.0,1.0,0.5,1.0,0.5,0.5,1.0,
538.0,Throh,2562,214,172,160,260,fighting,,0.5,0.5,1.0,1.0,2.0,1.0,1.0,2.0,1.0,1.0,1.0,1.0,1.0,1.0,2.0,0.5,1.0,1.0,
539.0,Sawk,2788,153,231,153,181,fighting,,0.5,0.5,1.0,1.0,2.0,1.0,1.0,2.0,1.0,1.0,1.0,1.0,1.0,1.0,2.0,0.5,1.0,1.0,
540.0,Sewaddle,977,111,96,124,128,bug,grass,2.0,1.0,1.0,0.5,1.0,0.5,4.0,4.0,1.0,0.25,0.25,2.0,1.0,2.0,1.0,2.0,1.0,0.5,
541.0,Swadloon,1370,125,115,162,146,bug,grass,2.0,1.0,1.0,0.5,1.0,0.5,4.0,4.0,1.0,0.25,0.25,2.0,1.0,2.0,1.0,2.0,1.0,0.5,
542.0,Leavanny,2580,153,205,165,181,bug,grass,2.0,1.0,1.0,0.5,1.0,0.5,4.0,4.0,1.0,0.25,0.25,2.0,1.0,2.0,1.0,2.0,1.0,0.5,
543.0,Venipede,706,91,83,99,102,bug,poison,0.5,1.0,1.0,1.0,0.5,0.25,2.0,2.0,1.0,0.25,1.0,1.0,1.0,0.5,2.0,2.0,1.0,1.0,
544.0,Whirlipede,1144,105,100,173,120,bug,poison,0.5,1.0,1.0,1.0,0.5,0.25,2.0,2.0,1.0,0.25,1.0,1.0,1.0,0.5,2.0,2.0,1.0,1.0,
545.0,Scolipede,2447,132,203,175,155,bug,poison,0.5,1.0,1.0,1.0,0.5,0.25,2.0,2.0,1.0,0.25,1.0,1.0,1.0,0.5,2.0,2.0,1.0,1.0,
546.0,Cottonee,700,105,71,111,120,grass,fairy,1.0,0.5,0.0,0.5,1.0,0.5,2.0,2.0,1.0,0.5,0.5,2.0,1.0,4.0,1.0,1.0,2.0,0.5,
547.0,Whimsicott,2014,132,164,176,155,grass,fairy,1.0,0.5,0.0,0.5,1.0,0.5,2.0,2.0,1.0,0.5,0.5,2.0,1.0,4.0,1.0,1.0,2.0,0.5,
548.0,Petilil,1030,111,119,91,128,grass,,2.0,1.0,1.0,0.5,1.0,1.0,2.0,2.0,1.0,0.5,0.5,2.0,1.0,2.0,1.0,1.0,1.0,0.5,
549.0,Lilligant,2550,146,214,155,172,grass,,2.0,1.0,1.0,0.5,1.0,1.0,2.0,2.0,1.0,0.5,0.5,2.0,1.0,2.0,1.0,1.0,1.0,0.5,
550.0,Basculin,2090,146,189,129,172,water,,1.0,1.0,1.0,2.0,1.0,1.0,0.5,1.0,1.0,2.0,1.0,0.5,1.0,1.0,1.0,1.0,0.5,0.5,
551.0,Sandile,1037,118,132,69,137,ground,dark,2.0,0.5,1.0,0.0,2.0,2.0,1.0,1.0,0.5,2.0,1.0,2.0,1.0,0.5,0.0,0.5,1.0,2.0,
552.0,Krokorok,1418,132,155,90,155,ground,dark,2.0,0.5,1.0,0.0,2.0,2.0,1.0,1.0,0.5,2.0,1.0,2.0,1.0,0.5,0.0,0.5,1.0,2.0,
553.0,Krookodile,3046,180,229,158,216,ground,dark,2.0,0.5,1.0,0.0,2.0,2.0,1.0,1.0,0.5,2.0,1.0,2.0,1.0,0.5,0.0,0.5,1.0,2.0,
554.0,Darumaka,1442,146,153,86,172,fire,,0.5,1.0,1.0,1.0,0.5,1.0,0.5,1.0,1.0,0.5,2.0,0.5,1.0,1.0,1.0,2.0,0.5,2.0,
555.0,Darmanitan,3105,193,263,114,233,fire,fire,0.5,1.0,1.0,1.0,0.5,1.0,0.5,1.0,1.0,0.5,2.0,0.5,1.0,1.0,1.0,2.0,0.5,2.0,
556.0,Maractus,2274,153,201,130,181,grass,,2.0,1.0,1.0,0.5,1.0,1.0,2.0,2.0,1.0,0.5,0.5,2.0,1.0,2.0,1.0,1.0,1.0,0.5,
557.0,Dwebble,1224,118,118,128,137,bug,rock,1.0,1.0,1.0,1.0,1.0,1.0,1.0,1.0,1.0,1.0,1.0,1.0,0.5,0.5,1.0,2.0,2.0,2.0,
558.0,Crustle,2542,146,188,200,172,bug,rock,1.0,1.0,1.0,1.0,1.0,1.0,1.0,1.0,1.0,1.0,1.0,1.0,0.5,0.5,1.0,2.0,2.0,2.0,
559.0,Scraggy,1372,118,132,132,137,dark,fighting,1.0,0.25,1.0,1.0,4.0,2.0,1.0,2.0,0.5,1.0,1.0,1.0,1.0,1.0,0.0,0.5,1.0,1.0,
560.0,Scrafty,2283,139,163,222,163,dark,fighting,1.0,0.25,1.0,1.0,4.0,2.0,1.0,2.0,0.5,1.0,1.0,1.0,1.0,1.0,0.0,0.5,1.0,1.0,
561.0,Sigilyph,2550,149,204,167,176,psychic,flying,1.0,2.0,1.0,2.0,1.0,0.25,1.0,1.0,2.0,0.5,0.0,2.0,1.0,1.0,0.5,2.0,1.0,1.0,
562.0,Yamask,982,102,95,141,116,ghost,,0.5,2.0,1.0,1.0,1.0,0.0,1.0,1.0,2.0,1.0,1.0,1.0,0.0,0.5,1.0,1.0,1.0,1.0,
563.0,Cofagrigus,2273,129,163,237,151,ghost,,0.5,2.0,1.0,1.0,1.0,0.0,1.0,1.0,2.0,1.0,1.0,1.0,0.0,0.5,1.0,1.0,1.0,1.0,
564.0,Tirtouga,1488,124,134,146,144,water,rock,1.0,1.0,1.0,2.0,1.0,2.0,0.25,0.5,1.0,4.0,2.0,0.5,0.5,0.5,1.0,1.0,1.0,1.0,
565.0,Carracosta,2621,151,192,197,179,water,rock,1.0,1.0,1.0,2.0,1.0,2.0,0.25,0.5,1.0,4.0,2.0,0.5,0.5,0.5,1.0,1.0,1.0,1.0,
566.0,Archen,1842,125,213,89,146,rock,flying,0.5,1.0,1.0,2.0,1.0,1.0,0.5,0.5,1.0,1.0,0.0,2.0,0.5,0.5,1.0,2.0,2.0,2.0,
567.0,Archeops,3331,153,292,139,181,rock,flying,0.5,1.0,1.0,2.0,1.0,1.0,0.5,0.5,1.0,1.0,0.0,2.0,0.5,0.5,1.0,2.0,2.0,2.0,
568.0,Trubbish,1000,118,96,122,137,poison,,0.5,1.0,1.0,1.0,0.5,0.5,1.0,1.0,1.0,0.5,2.0,1.0,1.0,0.5,2.0,1.0,1.0,1.0,
569.0,Garbodor,2345,160,181,164,190,poison,,0.5,1.0,1.0,1.0,0.5,0.5,1.0,1.0,1.0,0.5,2.0,1.0,1.0,0.5,2.0,1.0,1.0,1.0,
570.0,Zorua,1175,105,153,78,120,dark,,2.0,0.5,1.0,1.0,2.0,2.0,1.0,1.0,0.5,1.0,1.0,1.0,1.0,1.0,0.0,1.0,1.0,1.0,
571.0,Zoroark,2571,132,250,127,155,dark,,2.0,0.5,1.0,1.0,2.0,2.0,1.0,1.0,0.5,1.0,1.0,1.0,1.0,1.0,0.0,1.0,1.0,1.0,
572.0,Minccino,872,125,98,80,146,normal,,1.0,1.0,1.0,1.0,1.0,2.0,1.0,1.0,0.0,1.0,1.0,1.0,1.0,1.0,1.0,1.0,1.0,1.0,
573.0,Cinccino,2242,153,198,130,181,normal,,1.0,1.0,1.0,1.0,1.0,2.0,1.0,1.0,0.0,1.0,1.0,1.0,1.0,1.0,1.0,1.0,1.0,1.0,
574.0,Gothita,951,111,98,112,128,psychic,,2.0,2.0,1.0,1.0,1.0,0.5,1.0,1.0,2.0,1.0,1.0,1.0,1.0,1.0,0.5,1.0,1.0,1.0,
575.0,Gothorita,1604,132,137,153,155,psychic,,2.0,2.0,1.0,1.0,1.0,0.5,1.0,1.0,2.0,1.0,1.0,1.0,1.0,1.0,0.5,1.0,1.0,1.0,
576.0,Gothitelle,2419,146,176,205,172,psychic,,2.0,2.0,1.0,1.0,1.0,0.5,1.0,1.0,2.0,1.0,1.0,1.0,1.0,1.0,0.5,1.0,1.0,1.0,
577.0,Solosis,1367,111,170,83,128,psychic,,2.0,2.0,1.0,1.0,1.0,0.5,1.0,1.0,2.0,1.0,1.0,1.0,1.0,1.0,0.5,1.0,1.0,1.0,
578.0,Duosion,2018,139,208,103,163,psychic,,2.0,2.0,1.0,1.0,1.0,0.5,1.0,1.0,2.0,1.0,1.0,1.0,1.0,1.0,0.5,1.0,1.0,1.0,
579.0,Reuniclus,2927,200,214,148,242,psychic,,2.0,2.0,1.0,1.0,1.0,0.5,1.0,1.0,2.0,1.0,1.0,1.0,1.0,1.0,0.5,1.0,1.0,1.0,
580.0,Ducklett,856,135,84,96,158,water,flying,0.5,1.0,1.0,4.0,1.0,0.5,0.5,1.0,1.0,1.0,0.0,1.0,1.0,1.0,1.0,2.0,0.5,0.5,
581.0,Swanna,2088,153,182,132,181,water,flying,0.5,1.0,1.0,4.0,1.0,0.5,0.5,1.0,1.0,1.0,0.0,1.0,1.0,1.0,1.0,2.0,0.5,0.5,
582.0,Vanillite,1033,100,118,106,113,ice,,1.0,1.0,1.0,1.0,1.0,2.0,2.0,1.0,1.0,1.0,1.0,0.5,1.0,1.0,1.0,2.0,2.0,1.0,
583.0,Vanillish,1591,120,151,138,139,ice,,1.0,1.0,1.0,1.0,1.0,2.0,2.0,1.0,1.0,1.0,1.0,0.5,1.0,1.0,1.0,2.0,2.0,1.0,
584.0,Vanilluxe,2822,147,218,184,174,ice,,1.0,1.0,1.0,1.0,1.0,2.0,2.0,1.0,1.0,1.0,1.0,0.5,1.0,1.0,1.0,2.0,2.0,1.0,
585.0,Deerling,1135,132,115,100,155,normal,grass,2.0,1.0,1.0,0.5,1.0,2.0,2.0,2.0,0.0,0.5,0.5,2.0,1.0,2.0,1.0,1.0,1.0,0.5,
586.0,Sawsbuck,2416,160,198,146,190,normal,grass,2.0,1.0,1.0,0.5,1.0,2.0,2.0,2.0,0.0,0.5,0.5,2.0,1.0,2.0,1.0,1.0,1.0,0.5,
587.0,Emolga,1633,125,158,127,146,electric,flying,0.5,1.0,1.0,1.0,1.0,0.5,1.0,0.5,1.0,0.5,0.0,2.0,1.0,1.0,1.0,2.0,0.5,1.0,
588.0,Karrablast,1182,118,137,87,137,bug,,1.0,1.0,1.0,1.0,1.0,0.5,2.0,2.0,1.0,0.5,0.5,1.0,1.0,1.0,1.0,2.0,1.0,1.0,
589.0,Escavalier,2889,146,223,187,172,bug,steel,0.5,1.0,0.5,1.0,0.5,1.0,4.0,1.0,1.0,0.25,1.0,0.5,0.5,0.0,0.5,1.0,0.5,1.0,
590.0,Foongus,979,144,97,91,170,grass,poison,1.0,1.0,1.0,0.5,0.5,0.5,2.0,2.0,1.0,0.25,1.0,2.0,1.0,1.0,2.0,1.0,1.0,0.5,
591.0,Amoonguss,2140,206,155,139,249,grass,poison,1.0,1.0,1.0,0.5,0.5,0.5,2.0,2.0,1.0,0.25,1.0,2.0,1.0,1.0,2.0,1.0,1.0,0.5,
592.0,Frillish,1257,125,115,134,146,water,ghost,0.5,2.0,1.0,2.0,1.0,0.0,0.5,1.0,2.0,2.0,1.0,0.5,0.0,0.5,1.0,1.0,0.5,0.5,
593.0,Jellicent,2338,187,159,178,225,water,ghost,0.5,2.0,1.0,2.0,1.0,0.0,0.5,1.0,2.0,2.0,1.0,0.5,0.0,0.5,1.0,1.0,0.5,0.5,
594.0,Alomomola,2169,275,138,131,338,water,,1.0,1.0,1.0,2.0,1.0,1.0,0.5,1.0,1.0,2.0,1.0,0.5,1.0,1.0,1.0,1.0,0.5,0.5,
595.0,Joltik,1023,118,110,98,137,bug,electric,1.0,1.0,1.0,0.5,1.0,0.5,2.0,1.0,1.0,0.5,1.0,1.0,1.0,1.0,1.0,2.0,0.5,1.0,
596.0,Galvantula,2206,146,201,128,172,bug,electric,1.0,1.0,1.0,0.5,1.0,0.5,2.0,1.0,1.0,0.5,1.0,1.0,1.0,1.0,1.0,2.0,0.5,1.0,
597.0,Ferroseed,941,111,82,155,127,grass,steel,1.0,1.0,0.5,0.5,0.5,2.0,4.0,1.0,1.0,0.25,1.0,1.0,0.5,0.0,0.5,0.5,0.5,0.5,
598.0,Ferrothorn,2321,151,158,223,179,grass,steel,1.0,1.0,0.5,0.5,0.5,2.0,4.0,1.0,1.0,0.25,1.0,1.0,0.5,0.0,0.5,0.5,0.5,0.5,
599.0,Klink,956,105,98,121,120,steel,,0.5,1.0,0.5,1.0,0.5,2.0,2.0,0.5,1.0,0.5,2.0,0.5,0.5,0.0,0.5,0.5,0.5,1.0,
600.0,Klang,1847,132,150,174,155,steel,,0.5,1.0,0.5,1.0,0.5,2.0,2.0,0.5,1.0,0.5,2.0,0.5,0.5,0.0,0.5,0.5,0.5,1.0,
601.0,Klinklang,2637,132,199,214,155,steel,,0.5,1.0,0.5,1.0,0.5,2.0,2.0,0.5,1.0,0.5,2.0,0.5,0.5,0.0,0.5,0.5,0.5,1.0,
602.0,Tynamo,811,98,105,78,111,electric,,1.0,1.0,1.0,0.5,1.0,1.0,1.0,0.5,1.0,1.0,2.0,1.0,1.0,1.0,1.0,1.0,0.5,1.0,
603.0,Eelektrik,1715,139,156,130,163,electric,,1.0,1.0,1.0,0.5,1.0,1.0,1.0,0.5,1.0,1.0,2.0,1.0,1.0,1.0,1.0,1.0,0.5,1.0,
604.0,Eelektross,2732,166,217,152,198,electric,,1.0,1.0,1.0,0.5,1.0,1.0,1.0,0.5,1.0,1.0,2.0,1.0,1.0,1.0,1.0,1.0,0.5,1.0,
605.0,Elgyem,1385,125,148,100,146,psychic,,2.0,2.0,1.0,1.0,1.0,0.5,1.0,1.0,2.0,1.0,1.0,1.0,1.0,1.0,0.5,1.0,1.0,1.0,
606.0,Beheeyem,2753,153,221,163,181,psychic,,2.0,2.0,1.0,1.0,1.0,0.5,1.0,1.0,2.0,1.0,1.0,1.0,1.0,1.0,0.5,1.0,1.0,1.0,
607.0,Litwick,1006,118,108,98,137,ghost,fire,0.25,2.0,1.0,1.0,0.5,0.0,0.5,1.0,2.0,0.5,2.0,0.5,0.0,0.5,1.0,2.0,0.5,2.0,
608.0,Lampent,1708,132,169,115,155,ghost,fire,0.25,2.0,1.0,1.0,0.5,0.0,0.5,1.0,2.0,0.5,2.0,0.5,0.0,0.5,1.0,2.0,0.5,2.0,
609.0,Chandelure,3268,132,271,182,155,ghost,fire,0.25,2.0,1.0,1.0,0.5,0.0,0.5,1.0,2.0,0.5,2.0,0.5,0.0,0.5,1.0,2.0,0.5,2.0,
610.0,Axew,1368,113,154,101,130,dragon,,1.0,1.0,2.0,0.5,2.0,1.0,0.5,1.0,1.0,0.5,1.0,2.0,1.0,1.0,1.0,1.0,1.0,0.5,
611.0,Fraxure,2234,140,212,123,165,dragon,,1.0,1.0,2.0,0.5,2.0,1.0,0.5,1.0,1.0,0.5,1.0,2.0,1.0,1.0,1.0,1.0,1.0,0.5,
612.0,Haxorus,3593,154,284,172,183,dragon,,1.0,1.0,2.0,0.5,2.0,1.0,0.5,1.0,1.0,0.5,1.0,2.0,1.0,1.0,1.0,1.0,1.0,0.5,
613.0,Cubchoo,1069,125,128,74,146,ice,,1.0,1.0,1.0,1.0,1.0,2.0,2.0,1.0,1.0,1.0,1.0,0.5,1.0,1.0,1.0,2.0,2.0,1.0,
614.0,Beartic,3042,180,233,152,216,ice,,1.0,1.0,1.0,1.0,1.0,2.0,2.0,1.0,1.0,1.0,1.0,0.5,1.0,1.0,1.0,2.0,2.0,1.0,
615.0,Cryogonal,2798,160,190,218,190,ice,,1.0,1.0,1.0,1.0,1.0,2.0,2.0,1.0,1.0,1.0,1.0,0.5,1.0,1.0,1.0,2.0,2.0,1.0,
616.0,Shelmet,834,118,72,140,137,bug,,1.0,1.0,1.0,1.0,1.0,0.5,2.0,2.0,1.0,0.5,0.5,1.0,1.0,1.0,1.0,2.0,1.0,1.0,
617.0,Accelgor,2441,160,220,120,190,bug,,1.0,1.0,1.0,1.0,1.0,0.5,2.0,2.0,1.0,0.5,0.5,1.0,1.0,1.0,1.0,2.0,1.0,1.0,
618.0,Stunfisk,2162,199,144,171,240,ground,electric,1.0,1.0,1.0,0.0,1.0,1.0,1.0,0.5,1.0,2.0,2.0,2.0,1.0,0.5,1.0,0.5,0.5,2.0,
619.0,Mienfoo,1389,111,160,98,128,fighting,,0.5,0.5,1.0,1.0,2.0,1.0,1.0,2.0,1.0,1.0,1.0,1.0,1.0,1.0,2.0,0.5,1.0,1.0,
620.0,Mienshao,2710,139,258,127,163,fighting,,0.5,0.5,1.0,1.0,2.0,1.0,1.0,2.0,1.0,1.0,1.0,1.0,1.0,1.0,2.0,0.5,1.0,1.0,
621.0,Druddigon,2732,155,213,170,184,dragon,,1.0,1.0,2.0,0.5,2.0,1.0,0.5,1.0,1.0,0.5,1.0,2.0,1.0,1.0,1.0,1.0,1.0,0.5,
622.0,Golett,1189,131,127,92,153,ground,ghost,0.5,2.0,1.0,0.0,1.0,0.0,1.0,1.0,2.0,2.0,1.0,2.0,0.0,0.25,1.0,0.5,1.0,2.0,
623.0,Golurk,2854,171,222,154,205,ground,ghost,0.5,2.0,1.0,0.0,1.0,0.0,1.0,1.0,2.0,2.0,1.0,2.0,0.0,0.25,1.0,0.5,1.0,2.0,
624.0,Pawniard,1433,111,154,114,128,dark,steel,1.0,0.5,0.5,1.0,1.0,4.0,2.0,0.5,0.5,0.5,2.0,0.5,0.5,0.0,0.0,0.5,0.5,1.0,
625.0,Bisharp,2844,139,232,176,163,dark,steel,1.0,0.5,0.5,1.0,1.0,4.0,2.0,0.5,0.5,0.5,2.0,0.5,0.5,0.0,0.0,0.5,0.5,1.0,
626.0,Bouffalant,2797,180,195,182,216,normal,,1.0,1.0,1.0,1.0,1.0,2.0,1.0,1.0,0.0,1.0,1.0,1.0,1.0,1.0,1.0,1.0,1.0,1.0,
627.0,Rufflet,1491,146,150,97,172,normal,flying,0.5,1.0,1.0,2.0,1.0,1.0,1.0,1.0,0.0,0.5,0.0,2.0,1.0,1.0,1.0,2.0,1.0,1.0,
628.0,Braviary,3088,187,232,152,225,normal,flying,0.5,1.0,1.0,2.0,1.0,1.0,1.0,1.0,0.0,0.5,0.0,2.0,1.0,1.0,1.0,2.0,1.0,1.0,
629.0,Vullaby,1271,146,105,139,172,dark,flying,1.0,0.5,1.0,2.0,2.0,1.0,1.0,1.0,0.5,0.5,0.0,2.0,1.0,1.0,0.0,2.0,1.0,1.0,
630.0,Mandibuzz,2138,200,129,205,242,dark,flying,1.0,0.5,1.0,2.0,2.0,1.0,1.0,1.0,0.5,0.5,0.0,2.0,1.0,1.0,0.0,2.0,1.0,1.0,
631.0,Heatmor,2395,166,204,129,198,fire,,0.5,1.0,1.0,1.0,0.5,1.0,0.5,1.0,1.0,0.5,2.0,0.5,1.0,1.0,1.0,2.0,0.5,2.0,
632.0,Durant,2659,129,217,188,151,bug,steel,0.5,1.0,0.5,1.0,0.5,1.0,4.0,1.0,1.0,0.25,1.0,0.5,0.5,0.0,0.5,1.0,0.5,1.0,
633.0,Deino,1062,121,116,93,141,dark,dragon,2.0,0.5,2.0,0.5,4.0,2.0,0.5,1.0,0.5,0.5,1.0,2.0,1.0,1.0,0.0,1.0,1.0,0.5,
634.0,Zweilous,1839,149,159,135,176,dark,dragon,2.0,0.5,2.0,0.5,4.0,2.0,0.5,1.0,0.5,0.5,1.0,2.0,1.0,1.0,0.0,1.0,1.0,0.5,
635.0,Hydreigon,3625,176,256,188,211,dark,dragon,2.0,0.5,2.0,0.5,4.0,2.0,0.5,1.0,0.5,0.5,1.0,2.0,1.0,1.0,0.0,1.0,1.0,0.5,
636.0,Larvesta,1496,125,156,107,146,bug,fire,0.5,1.0,1.0,1.0,0.5,0.5,1.0,2.0,1.0,0.25,1.0,0.5,1.0,1.0,1.0,4.0,0.5,2.0,
637.0,Volcarona,3632,166,264,189,198,bug,fire,0.5,1.0,1.0,1.0,0.5,0.5,1.0,2.0,1.0,0.25,1.0,0.5,1.0,1.0,1.0,4.0,0.5,2.0,
638.0,Cobalion,3022,175,192,229,209,steel,fighting,0.25,0.5,0.5,1.0,1.0,2.0,2.0,1.0,1.0,0.5,2.0,0.5,0.5,0.0,1.0,0.25,0.5,1.0,
639.0,Terrakion,3698,175,260,192,209,rock,fighting,0.5,0.5,1.0,1.0,2.0,2.0,0.5,1.0,1.0,2.0,2.0,1.0,0.5,0.5,2.0,0.5,2.0,2.0,
640.0,Virizion,3022,175,192,229,209,grass,fighting,1.0,0.5,1.0,0.5,2.0,1.0,2.0,4.0,1.0,0.5,0.5,2.0,1.0,2.0,2.0,0.5,1.0,0.5,
641.0,Tornadus,3345,158,266,164,188,flying,,0.5,1.0,1.0,2.0,1.0,0.5,1.0,1.0,1.0,0.5,0.0,2.0,1.0,1.0,1.0,2.0,1.0,1.0,
642.0,Thundurus,3345,158,266,164,188,electric,flying,0.5,1.0,1.0,1.0,1.0,0.5,1.0,0.5,1.0,0.5,0.0,2.0,1.0,1.0,1.0,2.0,0.5,1.0,
643.0,Reshiram,4038,171,275,211,205,dragon,fire,0.5,1.0,2.0,0.5,1.0,1.0,0.25,1.0,1.0,0.25,2.0,1.0,1.0,1.0,1.0,2.0,0.5,1.0,
644.0,Zekrom,4038,171,275,211,205,dragon,electric,1.0,1.0,2.0,0.25,2.0,1.0,0.5,0.5,1.0,0.5,2.0,2.0,1.0,1.0,1.0,1.0,0.5,0.5,
645.0,Landorus,3588,171,261,182,205,ground,flying,0.5,1.0,1.0,0.0,1.0,0.5,1.0,1.0,1.0,1.0,0.0,4.0,1.0,0.5,1.0,1.0,1.0,2.0,
646.0,Kyurem,3575,205,246,170,245,dragon,ice,1.0,1.0,2.0,0.5,2.0,2.0,1.0,1.0,1.0,0.5,1.0,1.0,1.0,1.0,1.0,2.0,2.0,0.5,
646.1,Kyurem_white,4605,205,310,183,245,dragon,ice,1.0,1.0,2.0,0.5,2.0,2.0,1.0,1.0,1.0,0.5,1.0,1.0,1.0,1.0,1.0,2.0,2.0,0.5,
646.2,Kyurem_black,4605,205,310,183,245,dragon,ice,1.0,1.0,2.0,0.5,2.0,2.0,1.0,1.0,1.0,0.5,1.0,1.0,1.0,1.0,1.0,2.0,2.0,0.5,
647.0,Keldeo,3698,177,260,192,209,water,fighting,0.5,0.5,1.0,2.0,2.0,1.0,0.5,2.0,1.0,2.0,1.0,0.5,1.0,1.0,2.0,0.5,0.5,0.5,
647.1,Keldeo_resolute,3698,177,260,192,209,water,fighting,0.5,0.5,1.0,2.0,2.0,1.0,0.5,2.0,1.0,2.0,1.0,0.5,1.0,1.0,2.0,0.5,0.5,0.5,
648.0,Meloetta,3972,189,250,225,225,normal,psychic,2.0,2.0,1.0,1.0,1.0,1.0,1.0,1.0,0.0,1.0,1.0,1.0,1.0,1.0,0.5,1.0,1.0,1.0,
648.1,Meloetta_pirouette,3915,189,269,188,225,normal,fighting,0.5,0.5,1.0,1.0,2.0,2.0,1.0,2.0,0.0,1.0,1.0,1.0,1.0,1.0,2.0,0.5,1.0,1.0,
649.0,Genesect,3353,147,252,199,174,bug,steel,0.5,1.0,0.5,1.0,0.5,1.0,4.0,1.0,1.0,0.25,1.0,0.5,0.5,0.0,0.5,1.0,0.5,1.0,
808.0,Meltan,1068,113,118,99,130,steel,,0.5,1.0,0.5,1.0,0.5,2.0,2.0,0.5,1.0,0.5,2.0,0.5,0.5,0.25,0.5,0.5,0.5,1.0,
809.0,Melmetal,3599,218,226,190,264,steel,,0.5,1.0,0.5,1.0,0.5,2.0,2.0,0.5,1.0,0.5,2.0,0.5,0.5,0.25,0.5,0.5,0.5,1.0,
555.1,Darmanitan_galarian,3105,195,263,114,233,ice,,1.0,1.0,1.0,1.0,1.0,2.0,2.0,1.0,1.0,1.0,1.0,0.5,1.0,1.0,1.0,2.0,2.0,1.0,